feature_0,feature_1,feature_2,feature_3,feature_4,feature_5,feature_6,feature_7,label
-1.366299772286082,-0.768088651117827,1.470772031272629,-3.1726476628499234,-2.3269686736469324,-1.0992670245394227,0.7839676512169459,-4.591518731538227,2
1.0531233488548626,2.115010819656689,-0.03998721567480563,-0.14578903526978093,-2.0178548282582867,0.597091938925338,2.114414834308793,0.1360524270030397,0
3.2570350357656777,-1.1363133392085194,0.8425429865918133,2.9994571790788034,-1.5070494266006498,0.8587056855605609,-0.8552063823110898,-0.04945531877367071,1
1.4667514390216627,0.7766357124903855,-0.21146572608782732,-0.0521590079283939,-1.709848533249183,0.033235744722650895,0.2560798786660208,-0.8752873592392802,0
3.6472596978746474,2.7575590172095983,-3.815992543649621,0.8124639020497192,0.5144858052677338,1.9232005708771145,0.39164023988893254,4.425338976254966,0
-2.349413027763908,-2.8632753018411354,5.7828201093698794,2.9773168545163626,-0.41635833269460176,1.132803121583691,-1.6566925195595903,-0.36685954311425023,0
-1.7969655866921492,-1.5678933228744052,6.136188880525132,2.4668685632253653,-1.1247180045026224,4.112771479626662,-0.44443329292291694,2.3808044012132963,3
-0.6167838005277247,2.0302133910598146,-2.505132371758464,-0.6012537807686787,1.5869856198874182,-1.1511764489396792,-1.0482511637190517,1.3720579636376204,1
0.2962956568509757,1.729836233528181,-3.6066767345655277,-1.4781669838789377,1.5254960102503716,-1.1903693125553714,-1.2745191073073694,0.8889859459654141,1
-1.5577891280952736,-2.327083597325228,5.175050277597576,1.9469373657591555,-1.5083418748459425,1.0143917296175233,0.5146715543882295,-1.3521879109444264,0
-2.4274409584956507,-0.4225364199120225,4.139203285364959,1.0362995050826653,-1.3885874973573862,0.10697352656074066,0.50997691724033,-1.230285743787929,3
-4.087666826388419,-0.11603264143108605,4.761495155154353,-0.0496779432784874,-1.6379262437321078,-0.8269226123262249,0.7283452130695429,-2.5636837361008373,3
-0.2736689005056093,0.49394113465587364,1.356923706733289,1.538368651398036,-0.2507171549249029,0.8271847912157162,1.2749773820208183,1.2976233076575912,0
0.5223683943152924,0.8825666177596426,-0.46405194710686726,0.5702434311798996,-0.48916547989792314,-0.8436904965068297,-0.16228244716741405,-0.4121633672694397,1
1.851502462450266,4.169060335043519,-1.493579668716403,-0.6528518849723636,-2.2142129201419825,1.4319980430455734,-1.0782181701163007,1.8952183940719363,0
-0.03992496890178543,0.23976642209701693,1.9095422355829488,0.8469516954962342,-1.5723875264091973,0.4932258983693164,1.3380271627819205,-0.5083598522136625,0
0.8396504326844408,2.3611810017295065,-2.0843825668567932,0.763896043515522,0.2406233851552868,-1.189177315317194,0.648943606259271,0.917680202875378,1
1.357785705712614,0.7067690978029486,-3.4622911364113116,0.7049787267103524,1.9359515538093057,-1.7188356982726452,1.1917378358214277,0.90423141144088,1
0.7532390128609443,1.578737652098205,-3.5615848283837614,0.3149909184167673,2.1870718977067742,-1.2055371006467261,-0.39092305952474016,1.9568355744896788,1
1.05387648830111,0.24991102707229895,-0.6897327273251949,1.1434164061336645,-0.1057216798906514,-0.9041566590221856,0.9701010940126534,-0.3060949703659059,2
0.502149606778274,1.3985374253730378,1.8341766457992206,2.052108028975734,-2.2176530706454143,-0.18374686374979599,1.3854863405180886,-0.5322578763617137,1
0.37891900425725644,-0.22786404185579412,2.335563683298766,0.07642676051430419,-2.925382292221875,0.03626796314803171,-0.8214848566236752,-2.5957824437104926,0
1.516659794243065,0.2873153576003611,1.620853839647415,3.2293409935707293,-1.663391333393355,-0.12383177262424938,0.7686480879681984,-0.24032312920948873,2
2.360727772331182,0.3553210284306173,-2.233059135617916,1.8611995434195618,1.559508974348994,1.0186444485153545,-0.8019092044499574,3.2573526428000377,0
1.701437505479064,0.850413684945624,-6.246855978722275,0.5889873927343661,4.442086535316773,-2.2508776863701634,3.089889607686385,2.681211016671018,1
-0.0941797413818447,0.5521132970741728,-2.208947349094821,-0.24442302450323738,1.4137564296100258,-1.8595486046548333,-0.026483628288828647,-0.18232629436722375,1
-0.1112934150852426,1.2652512501615127,-6.248841364196212,-2.2825630132820662,4.083177961041252,-2.788652295606453,-0.03602103575443992,1.100045436696572,1
0.37822365636258126,1.86079625363315,-0.03364229612055679,2.142080264092039,0.8058730023527975,1.9265047962359199,0.8262494226728235,4.293413648013838,0
1.6440756149560343,1.7123856508343882,-1.1911429829087763,0.8980327628503577,-0.15632003101576952,1.2161752475924494,-0.7703260652176505,2.4316553342283496,0
0.7123998121845232,3.1095584335142776,-5.145984481480971,-0.2764744162458127,2.427441672825608,-2.250810088208005,-0.3818793443956899,1.9909148381852744,1
-0.9761902139157123,0.3520910401497598,3.6481848541471176,1.1627057666558165,-2.162232725717833,1.2544855443446423,-0.32516273242162497,-0.2387577270561491,0
0.6942707202387732,-0.47219988999701246,1.8365229847886881,2.056054740711399,-1.5196463008344208,-0.4450010571445495,0.038498485695272235,-1.3102861854052603,1
-0.12902017636028218,-0.5925989957787919,1.6660836588253025,1.3973384921806349,-0.35139202789324264,0.6186811546593223,2.3391289515689104,0.31271839789987843,0
0.15334176468817218,-0.25282624280982857,1.7975146980893661,2.2604611599903093,0.08643516800076723,1.8450009403678926,0.3751690140584689,2.2993460481403223,0
0.14421588872764812,0.22674509184781588,1.7462594624282406,1.5329437569535544,-0.7892806652209016,1.3036084894882674,-1.9792058592406632,1.1214452268807802,0
-1.2781226226738316,-0.5132487273293438,3.5047906260558466,1.5955075120816993,-0.754963228795898,1.6973228659485282,-0.7618756289717585,0.954981746034895,3
0.8554967668069046,0.5586571088645707,-0.32525996219278597,1.237412860537473,-0.15847636113034114,-0.2703181559680423,1.6982903924269561,0.42392824912218874,1
-0.23307301387185053,0.2072059888423119,2.143824353480818,1.1106136912592977,-1.2617010452066795,0.9602269906461607,0.6837095369080293,0.2287896671868202,0
0.3956474696753117,-0.23675583787427001,3.0527383246951754,1.3932137676802954,-1.7658513243144198,2.7832850857233256,0.825954155620064,1.2881465186415213,3
-1.2135338738593475,-0.1273353659578612,1.1108358115245511,-1.9144799695140797,-0.6751098392501547,1.1085669324578042,-0.3985069178825137,-0.36763869010196426,2
1.779258649196623,-1.4125346109414894,-1.684032982045426,0.6962625680735554,1.0088714209998306,-0.7024441077940173,1.974396744480029,-0.27904286352851093,1
1.0681344804572768,1.1985772846990252,0.0426026831799214,1.1330238471256673,-0.3703962067148443,1.6841275807247764,-0.5243599556815834,2.3761033251009875,0
-0.8843779934525468,-0.843818186872121,3.8561085725615274,1.5388442200909533,-1.8395105907143319,0.7482755308498659,0.04109638193320571,-1.0321260689943155,0
-0.9979181280109989,1.0716106546998858,-2.7347415292459947,-0.6798647949574154,2.6106203532775027,-1.3988228333153891,-0.05605556594019711,1.3873219061854116,1
-1.5825937288848455,-1.2332579222765552,1.1969621102830814,-2.7356303078577224,0.013646943161734981,1.8444614549681582,-0.15784202104008324,-0.08568094942321103,2
0.3580990888789898,0.3783831680034847,1.2442389605639763,1.340137983935676,-0.79942336818336,0.9073616801450247,-0.1698196855231585,0.8068368553096917,0
2.5435239534303697,3.150192022426332,-2.150419683834253,0.060635686607796946,-1.0725819888570034,1.6640681093034784,0.040614086965532745,2.737997212730021,2
-0.6445080729481495,0.739866537594536,-1.0682394778815998,0.407281624686088,1.3569230504627476,-0.9394818782497366,-0.2850308482748619,0.8750457086556767,1
-0.021752965918436562,2.747488736625554,-0.01110719947867982,0.8216042410604264,-0.3421270067975307,1.377282741263712,-1.4471735937410677,2.90861846071542,2
-2.4516836554201684,0.01056386090765149,2.8794364908214574,-2.716041976169313,-2.374384348162695,0.2998183603925534,-0.5483991391083297,-2.8303489457940323,2
0.9405982611744489,1.535576561568028,-0.015469403533192915,1.262500131428197,-0.4085459494342351,1.3700588107057923,-0.7180388134051491,2.30219018075446,0
0.482608915043678,0.8775502100761564,0.4721304185533154,2.189993512056332,0.5731765680593731,1.7037125227147918,0.28405657052987,3.302042703343338,0
-2.4889199192846263,-2.2803777425390828,1.9898506768673423,-3.880239064870299,0.2840813165979871,2.7664767232503404,0.6276112125924505,-0.1063088462654801,2
1.9282744566595533,-0.17753935085193595,-0.5947958501719405,2.273477793250189,0.12397387781294389,-0.17998446663239986,-0.6763331514442503,0.7006787189885662,1
-1.352097457952992,-2.3043493416141327,1.080446022750107,-3.964167872714923,-1.1416168474949322,-0.16056783702495092,-1.1647993973691224,-3.9259406212387122,2
0.5826062061317464,-1.5332423594694449,1.5495682565502769,0.9510344106729518,-1.1009426762527739,-0.2574792706912937,-1.573914211994401,-1.7970542531280822,0
2.709179287068541,-0.6773487826597294,1.6053568105041538,4.219965053452955,-1.5492632091299,0.3269974982461116,0.38427883498595106,0.0663414136631813,1
-0.9445064938425998,-0.35190634126110865,1.4173390197351319,-0.9614587887543014,-0.7390690324910123,0.7833308112141814,-0.7498482103826004,-0.5334072582425159,2
-0.609746694554366,-1.2270165705780696,2.3923126957794936,2.2489557936213056,0.25537653700797736,0.8119015875910065,-0.1379112517114806,0.8500397986497955,0
-1.864715153114668,-0.9896912690953482,4.508154988958672,1.5438402100080137,-1.2239458735789928,1.3894332649637793,-0.291489421253352,-0.08631792717225135,3
-0.4091912120323765,-0.26050856333699957,2.229117171422244,3.1748245722582884,0.9602859598860684,2.358877254146553,0.734000384813558,3.7603248340642703,0
-1.955239338772846,-1.773737192361167,3.7598408664415994,-0.1480259827633762,-0.9293148614779613,1.2867448130429577,1.6589403034315653,-0.9524991474109505,3
1.7673334849986904,0.9512223681841535,-1.0913589713677967,0.9680278669765646,-0.27050312502905105,0.4663504347840895,0.19163196206738903,1.2168643693309322,0
-0.2686294069760701,-1.0795924708543159,2.5347808487922703,2.6646534575460024,0.26297928212363264,1.6160631740128257,-1.1246550393159365,1.8276011008933173,0
-0.09371558923119971,0.6354221004108027,1.9950939258637614,0.4733799498645167,-1.9142253092334127,0.8335479325780174,-0.7447569552398373,-0.3752768315228861,0
-2.234522516445704,3.2637160520535513,2.1629988438146186,-0.7300143419908682,-1.414260102834449,2.3217405750345357,0.790721018540406,2.4883759900188696,2
0.4214501678620717,-1.0156463853834135,1.1396374942446335,2.287438108145751,0.5060669429820243,0.6969634803521886,-0.050463047402838246,1.1869356661473882,1
-0.8336098170099049,1.5714603519501038,1.2598753158745413,-0.2151782323954965,-1.3535995142371158,0.5362729787967555,1.7675023957653402,0.15371662910365566,2
0.44813272785190966,-0.43198134297397794,1.7257767740596106,0.9142421006216194,-1.401619008797157,0.6261026756779493,-0.6584099351183408,-0.6008394064902839,0
-1.8337349641938205,-0.9757665201882325,4.333910078492355,1.890958582089901,-1.1467482761261416,0.6939652078067351,-0.786806656896385,-0.5228534356387943,0
0.6045043476216725,1.0432900694727814,0.9631692769973874,0.379850855148565,-1.9563570354434017,0.2742444295598251,0.4350783381858596,-0.6361083106782315,0
0.2189641642318173,1.3432904622419917,-1.0978597903530214,1.4395387558368127,0.5549417235371066,-1.5320068976628605,0.6787426017187439,0.41484851447833787,1
-0.7424029152496918,-0.6779934005509142,3.169482029292624,1.5531231679057171,0.1697113693135971,4.065655708932191,-0.9538890884133122,3.808261297082347,3
1.0280353382856617,1.5599843754048774,-9.605086043706382e-05,0.6731432838693412,-1.1115105579011717,0.8719911813491038,-0.34670953287600176,1.0806075401122544,0
-3.6653306444903024,-1.900013642698696,3.9931866883773166,-4.155355978206989,-1.7963040272166348,1.4051623485505138,0.0007209069359758764,-3.073770895744385,2
0.7318121174672982,-1.0297831376961,1.579270629070991,2.1833160785375063,0.06354237659931894,1.7299399923880454,-0.5469860834554389,1.7119394872972804,0
-0.0019268892461431486,1.3662147563198708,0.35848939011900105,0.37859266875936604,-0.6491324102354776,0.6216134471793484,1.8342020358562743,0.9649678245725427,2
2.6093463432598085,3.5193439761468808,-2.973575491995077,0.09955039749662009,-0.732277732976749,0.7994051238369948,0.9917503454465558,2.5045667998482886,0
-0.23080150118592357,1.1134289314153893,0.3980383964112628,0.24172410532039368,-0.11733007603004375,1.2890866922475444,0.9050665483595475,1.8075636735245992,2
-1.214675851401915,0.39296527735091036,0.888805364750349,-1.4076891074789546,0.09637310270468391,2.2128166830368516,1.2123681179019035,1.777332931640522,3
0.28631458637208873,1.378531202894132,-4.207941204032869,-1.6848850245648177,2.37448347558913,-1.0124950967840847,-2.2694978644974095,1.500717327729727,1
-0.9111573087758126,-2.8179583808827107,3.188104200460196,2.8892086887124186,0.6841103987417164,0.3198879002031738,0.11072343418649651,-0.03118580421353618,0
-1.1218199612070936,0.2287280944025335,1.4979982057824854,-1.012030341645986,-1.0572337002358045,0.638255094525122,-1.236662966685065,-0.6076109711620874,2
-2.9787026273385746,1.5361211578566611,2.4412754813423447,-2.4332025076823176,-0.5621782174714014,3.5421011283393913,-1.498368985465836,2.652463162547851,2
2.0318846246960303,-0.2385098245088192,1.52851416298076,2.4807967915774918,-1.9880416239667311,0.5258920441667273,-0.008362111124060725,-0.4636977193442972,1
-0.605962625479257,0.9715523302023572,2.6845460372301195,-0.04464856399282224,-2.943226725927533,0.24781217577049908,1.0858213192287456,-1.7875768696360985,0
0.1426336529042168,-0.5561524500437783,1.6161611897204586,2.705651002746034,-0.43722156238098064,-0.8915966963048922,0.18344657621813534,-0.660673156395672,1
0.9998932812315106,1.9813193697664087,-3.1700981079517785,0.9690958396534463,1.4568694174094095,-1.683858445677508,0.9533975332379796,1.3698575258897836,1
3.570451819100538,4.4372290590060715,-4.180889186141684,0.3419744870787408,-0.28808105939650697,1.6741676114670434,2.437242575924219,4.396967234554837,0
0.7053134166036261,0.19302972741391056,1.253254552831023,1.4424295587540577,-0.8884497858190287,1.1783154794387007,-0.8814249061673531,0.9160826766795761,1
0.7635446818025982,-0.23867689207060894,-0.6928508868350827,0.8114414351986853,0.23111846942439485,-0.9627498263338441,-0.34566637467600275,-0.4976509166954861,1
0.5623357520066987,0.844282665413766,1.6873258789897327,0.7347839991945297,-1.9614729952763685,1.351319677457698,0.8227173745004389,0.3111532139865082,0
1.3645869727156523,0.33877996216159445,-0.3949711172218011,1.9703235888133315,0.6916671513232645,1.3976151224245934,1.9072978364265534,2.792386075190465,0
-1.2142853606594661,-1.2578711790184292,1.5530803850246782,-2.566296272068031,-1.5653376310557128,-0.23560753466383255,-1.3400568903608094,-3.2571333554114705,2
-1.0900190216190844,2.7586857566342062,1.3945121806995195,0.286225113893421,-1.1930233383363638,1.4180928302052038,1.100663944921611,1.9630167085720878,1
0.37301531681961664,-0.5403698072796262,1.0658722280056763,1.6399896193979182,-0.15405637646456516,0.37874223640026583,1.8348201445867027,0.4161190255512788,0
1.2423170759907176,-1.654368505011691,1.0889788396056566,0.9736051314469103,-1.0788560299090697,-0.051037046013698406,0.5664250279877657,-1.610608530543109,3
0.5815178699341005,1.159747633026364,0.7892244191908439,0.7690639843535624,-1.3180071330554641,0.8131815379584404,0.061156459935711685,0.5955061822790931,0
1.519433623724785,-0.16160946029522205,0.012351487252717243,1.487584465834553,-1.2305031362435346,-1.5066181039128455,0.055042557281043444,-1.9353690182400416,3
-1.0711328960048623,1.8190815066863157,-3.314737884855344,0.2692232827807597,3.1342331121839475,-2.3505058893814392,0.4901815174907414,1.7474978405179489,1
-0.33500040253795416,-0.11697512411353606,-2.8977991363796813,0.39672263236899896,2.9881226482399548,-2.4042272204119555,0.29703947087987503,0.462814928050588,1
2.4826734462362205,1.7002889441511018,-2.195016310404473,1.692261867224857,0.9355133060016408,1.890444710086785,-0.7490792166512826,4.291947969194368,0
-1.171841924705207,-0.710557576342693,5.507562192400272,3.2862371326586444,-1.994522182242727,1.8059771257461525,0.15334476760211485,0.39578305427120175,3
0.5305945364205185,0.7554749228818947,1.1484473981790044,2.189595426725406,-0.07787010327834576,1.9814968073745058,-1.0249280665857678,2.913713307494337,0
0.840302906908696,1.0413228957301908,0.6405598279299072,-0.1250890264162644,-2.0815222920964565,0.40226594272604294,0.6764786687730411,-0.7726084105776291,0
-0.04876973528610651,1.0626093199060074,-0.7892637245489917,0.9931838884055835,0.6434966669014226,-0.8491957859543345,-1.24574245023367,0.7683370977847263,1
0.5621914833290826,2.019583276417867,0.34213392528766184,2.0988555434987384,-0.687052530976301,0.1902313993618846,1.9938629392325948,1.5382946702088582,1
1.583482856866525,-0.21890252950691302,-1.122559130750406,1.366723899916289,0.6448164164326832,0.02640207504966985,1.0611942762765827,0.9995556018759231,0
-1.3230889197306654,-1.9253511303851507,1.3474109903596403,-2.7287891217648004,-0.46826139842651965,0.8841797768053737,-1.7171766698622837,-1.7751203936041093,2
0.46592870045603496,3.658163097762072,-1.0152427790751697,0.8298921759880059,-0.019477030848025212,1.7124038003516677,0.9387236162381593,4.096586305682294,2
2.33985937142979,0.9084962637418258,0.047377769618919506,4.43230223257172,-0.3154435809979862,-0.22141812042706288,-2.0194061287908016,1.6719238384016013,1
1.0221388229682948,1.9178540538735676,-0.3063902641480439,0.68089556046219,-0.7602807283557504,1.2804509156875827,-1.4112550051696995,1.9770517135738543,0
2.108717833909815,1.726024687561437,-0.9532591321005425,0.7788603980687696,-0.9232341267990294,1.3832688539340017,-0.3008720453915249,1.922178265147918,0
0.07691647261477863,-0.820924727749997,2.072033622953174,0.1020688175974892,-2.2974327061087467,-0.7201703053200402,0.6196889216121123,-3.1140067522033905,0
-1.3548255307752775,-0.24322859448605383,2.2093292396992825,-1.4339408701934824,-2.1948330477062954,-0.6169112922579499,-0.18373327476680484,-3.166778904006537,2
1.442763191749958,0.5947299827652162,-5.457515621921025,0.057581364016115466,3.803878800263982,-1.7790173450558662,-0.2521534658435748,2.203871015923232,1
-1.2456276866357059,-1.6650984483290023,2.0291686127179003,-2.2572143751463933,-2.0908341988206938,-1.193999575423771,0.6726257608719525,-4.7319590652635295,2
-2.4252387535683906,0.1698323596038065,2.3018718045596076,-2.7262113184936223,-1.254116218403695,1.609534530358435,1.3091366419632775,-0.5842888034794266,2
-0.6137201727101127,-0.15477791879466263,2.5650574294163047,1.3948913896548552,-2.0850114546407696,-1.5755518027045614,-1.0237308537471699,-2.926674294882726,3
-0.5393919748395211,-1.6404659380594468,1.9925969163890764,-0.5436560752705756,-1.002410760968793,0.4850884950795833,2.0531401837412075,-1.669516187081085,3
1.9356606084287193,0.5763719056924375,-0.8576494913001583,0.427166140384839,-0.8497218358374498,0.4667045566684083,1.036157261138504,0.32285133712573993,0
0.9974017952436166,1.2772851668756071,0.013283160600132328,0.897265884774769,-0.681390238959356,1.1541949599855914,0.17907053145719495,1.5996434834508093,0
-2.1025654372883986,0.13147481288581464,2.7232862950426484,-1.8030368335041198,-2.045512166974014,0.3173182479723926,1.7344330917873865,-2.138803699232276,2
0.37402976767531604,0.6350925299102764,-2.2235439445735157,-0.4888308142018124,1.4372141657310893,-0.27265973157438206,1.179259334610126,1.272577133443992,1
-2.1932070028693444,-2.7744366145655808,5.218789020928317,2.2365751541343117,-0.7880396640796843,0.3037754881446356,0.9672729750616863,-1.6003731699387862,0
1.230176855335401,0.6248600500330438,1.1760413082722048,2.6718153763238033,-1.4355242602287017,-0.2589187373144183,0.11867908406769122,-0.15146789893691562,1
2.5165823742597078,0.7515731053536638,1.1370105360602365,4.475373253802623,-1.400249678717974,0.367829837147286,-0.41438979196523296,1.1884657447928328,1
-1.0565324468533681,-1.032274211349069,1.3313454592210419,-2.281274335111781,-1.5459797476673565,-0.5365301856310399,0.0025023003171226327,-3.267834565043103,2
-0.3250466938681811,1.247313147918864,-0.2854692543724239,-1.9728782930037148,-1.2231162926500097,0.01217569965862031,-0.10868771658665245,-0.9218399662698691,2
0.3873968772740819,0.7367108469754713,1.3602534900209537,1.1398913016072283,-1.0518474244539,1.4397986874064572,1.2297551305579804,1.227811023209363,0
-0.863102414439639,-0.14287383304197931,1.1867693381129323,-2.128571288641804,-2.191930409571791,-1.0634681766795273,0.21757953634296223,-3.6845096774733044,2
0.6104809229632369,-1.4331866944665967,2.03081688332214,1.4088787023050364,-0.9094048020194709,1.013592647553443,-0.2689161946978014,-0.2808107241358287,0
0.6558627024385216,0.8974318732098874,-0.1842940937064483,-0.25408466520040673,-1.89492534338604,-1.8187972535164252,-0.5943498527396046,-2.748660159587823,2
-0.5026057145127062,1.367404114220894,-0.27004251958846825,0.48265361791949557,-0.15995684141237676,-1.2820361737564647,-1.839401584186729,-0.32363426713918403,1
-2.5924407523639372,0.12292914291257862,4.118655157065031,1.7318949373026877,-1.5483423873720845,-1.026862167424044,-1.1010330858836441,-1.8397264566083313,3
-1.6410463518152953,-4.3305906655943875,5.433970367514424,3.8614635797126864,0.6241682258359774,1.194901418484227,1.0921029610193338,0.011396001327565805,0
0.9025010415984818,2.411540617105786,-4.944633232344812,-0.9720982934654666,1.988214143549234,-2.143609128702026,0.6725196983410208,1.0657865984955723,1
0.2932123517349895,0.038572524450366186,-2.2978638302850594,0.43004708523277335,1.9571542225533807,-1.5242785350635193,0.6141129671981066,0.5130105128610433,1
-0.7525181548281766,1.603927971505685,0.00485008343435466,-1.6876920058563307,-0.5059132198377587,1.4622691997026382,-1.3599691901191746,1.2819617424220207,2
-3.0855851373151353,0.29905273803807464,4.233430427392925,2.1205588056589613,-1.3404732629066862,-1.7538367983837984,0.9692305876119747,-2.1169074289570613,3
-0.3793892825631132,0.186202525593972,-1.1971350032478145,0.8435769439652485,1.4453164931826563,-1.7629303626263964,-0.37910174834874727,0.025809182155456727,1
0.2464802395199408,1.5719208823315278,-2.126221417899533,-0.13839293418524268,0.6517932052819931,-1.4623507284668478,0.6953772364017292,0.20749476233075465,1
-1.4081499993892899,1.186426364821604,1.6566759074763893,-1.5994376124690008,-2.0834697871209613,0.04663897905659853,-0.8972549274981164,-1.640286440378685,2
0.6014255657368938,-0.5287022542969728,-0.3988901376528257,-0.34740704906252484,0.836345824038934,2.1335775222307523,-0.27888363747316974,2.24782458201126,3
0.08401467646260985,-0.35872960725198577,-1.1334327645308424,0.28040524968532743,1.0405900556341983,-1.2916970079155758,-0.13351212288434067,-0.3845805481442305,1
0.15646047463950274,-0.6582236849225912,1.7116369531469517,0.9988875903903816,-1.1951366998916648,-0.0354456013235005,-2.454973541273946,-1.1518240527782855,0
0.22847441201114582,2.7571086487551963,-0.09146480693058828,0.4382862634947505,-1.4253308929235322,-0.1798621873415479,0.9956590114287024,0.47464263000718243,2
0.5297452064743997,-0.3007815317284307,0.5792669223788924,2.6574456489524154,1.2231947079892445,1.4664812191575867,0.46005434144644397,3.070608436807331,0
-1.0956516871896915,1.1930044771354997,2.592180363398833,1.3346962901195756,-2.0499176583721783,-0.8071040012194484,0.3982209514202937,-1.422648855612097,1
2.222242753495058,2.3493478011609334,-2.4682908123742955,0.6882450369618505,0.09218365549649432,0.8338073229117682,-0.45127053092953,2.678759502463559,0
1.167910485077132,0.9857380085447073,-2.5862528406155185,0.5871084104791844,1.2507973488529436,-0.8834596192795352,2.188498986095991,1.1813569912250248,1
-0.685964681471069,-0.8996430389289475,2.0282919408545665,1.6415680313944545,-0.11818206736533099,0.06704642751868783,-0.039236473698743904,-0.13655484471508456,0
0.6851376290196534,0.568242068190004,-3.6488558648498475,0.05429913214509208,2.445085017163019,-1.8937165831711686,-1.2566472506290483,0.8460965733775151,3
-0.2164417801503873,1.0162466695459413,0.06511694297597045,0.08927195470150007,0.5663808891092855,2.103783877164925,-1.062507575510301,3.024723892144648,2
2.1404761752278443,-0.26582010452202165,1.2977875669593981,2.380607855173248,-1.304880493583953,1.8513453117455114,0.03372310292137513,1.2786500095253215,3
1.7872018951898123,1.0512697387538021,-1.3361199904947685,0.8733632258171427,0.05443002302891564,0.8662438178462057,-0.668876034443013,1.8917974433517397,0
-1.5355610633026766,1.2871349757925041,1.4823250584331438,-0.5379199304982325,0.06970416274090818,2.8488998758135735,-1.1056255017144403,3.1324205189428325,2
-1.2011688317881832,3.061945034192296,1.1165380766458755,-0.6100539147016188,-1.705897935381639,0.8828939478462922,-0.6493103753703896,0.9347245715162679,2
2.359127103960655,-1.4438235277948692,1.7483363107184964,1.0762704805379515,-1.9447031585426893,2.5063698966253565,-0.4763977606015153,0.18199389667499893,3
0.9784215864213456,-1.338811095962698,2.7046456488121153,3.5641764932547084,-1.657508521641243,-0.9904421558879232,-0.5937615564013348,-1.9612973703059393,1
0.7120251109019738,0.02332132683799959,-5.499406768773607,-0.9118488491353393,4.124313182669015,-2.2227860402367687,-1.3357566625066817,1.3658064087741388,1
-3.3187599935519705,-1.0962027874894913,5.403841735122319,1.483522311936877,0.1180369594364431,3.3722849292973534,-1.173245689947668,2.6621185400938203,3
2.2591856177366347,1.6620986337737182,-1.184843617003785,1.1426198255293702,-0.9508981319464344,0.45638899751022277,0.5417376476161898,1.152776268788098,1
0.9950412436847641,0.5754703041106661,-0.18728418743752323,0.31882875689533174,-0.9234870383117028,0.004101673745033008,-0.4248990892028066,-0.2629053990040892,0
-3.4928405012557238,-0.9964199989237627,6.79465085377635,1.7196777392216682,-1.7278221994058685,2.219849012192126,-0.6159561935134188,0.14887350654600337,3
2.610709230177506,-0.2325194200386521,-1.3405665343298496,1.63217579136516,0.1822855555167534,0.4307557655183837,0.16851340233342924,1.114680107698408,1
-1.1239540900269656,1.033336625109929,0.7571800826874817,-1.9296814774845936,-1.113911530532168,0.828218424628029,-1.4565879732593636,-0.27513583047541545,2
0.3127248906987993,-0.5284467884888563,1.6083168822954879,0.8909670075970837,-1.2375052204065216,0.27877216254400294,-1.2191858277651948,-0.8479028432324217,0
-0.2565233290567055,0.5531966721311814,0.2745672670220294,0.08633892167968893,0.4095736429233975,1.6359373544105145,2.091576369778548,2.1762436608726454,2
-0.13308686139596038,3.0907461828606864,0.15882604203277073,0.8205502814976252,-0.48603704220605387,1.6651051014543556,-0.22873502625875175,3.247043674016519,2
-0.08650939914147215,3.8663580426401705,-0.026072004547595777,1.435696435073421,-0.17070740190226785,2.0936040759930705,1.861257373980529,4.586412217179884,2
0.4945062031615746,1.1135301427819781,-7.574034212496775,-0.3035319746872053,5.981657205488539,-3.542268824010931,-0.776536344541371,2.648469839022138,1
1.2376500983781489,0.3788092775559868,0.3761639337486435,1.8600371458883145,-0.7982614645846314,-0.0643759791207773,-0.3295038006361257,0.1671924447253733,1
1.093768853049701,2.73949633118131,0.2334952992215945,-0.5396926519783746,-2.691434701117709,1.2167503671234539,0.41298056552504697,0.3752110272676046,0
1.2076754794886837,2.167991743088759,0.17326215324581457,0.42674679089195927,-1.8500844224059256,1.1730848525771433,0.43566456645700186,1.0243393405255747,0
-0.11443001172065603,1.5796897925798734,0.10139142162808618,-0.4991753618737073,-1.1269520952090806,0.08176375372377709,-0.9269943866745627,-0.08725383982520155,2
-0.03686578139352015,1.29699976121152,0.6247649557664178,0.6792888464782362,-0.8694623429283526,0.22845368988246495,-1.0401663052212893,0.470024009342785,2
-1.3994516803713934,-0.6153078816037955,1.8340076065744202,-1.9300053803493475,-1.5011703247090429,0.1150557775209411,1.7726916608999155,-2.299523287586919,2
2.045327919452646,1.108022089152704,-1.5249863149665026,1.1269691503764128,0.11621412116188024,0.8258809212013616,-0.8609115305933583,2.0443481125258347,0
0.13239739632158776,3.8835394343709426,-0.5663866180629784,1.0201267058280878,-0.12504199605781596,1.8865080318220095,0.16306634388557767,4.3362816583432355,2
0.4267728755220425,0.5311041006720114,1.469127503407923,-0.35427399760309075,-2.757109741911862,-0.22657744894471266,1.1208484436478086,-2.3452601802459685,0
0.8754908706365924,0.36900894303937126,1.779992785315665,1.5673684709043059,-2.2538628575358404,-0.11029209935158224,-0.2300253079140055,-1.2637497194827432,1
-0.1643972476048795,1.603546532677096,-0.04375363774164789,0.4321384259417682,-0.678109877381437,-0.6950474363927429,0.6588139748838978,-0.0896267592809223,1
1.2373885942478218,1.8451884552312163,-0.07323612923734783,0.035684754151948384,-1.8672874692280177,0.6994427786333415,0.3348381950246217,0.2619183381092769,2
0.8773556179992952,1.244847933941227,0.03222229230123235,2.700760380397752,-0.10251660197104517,-0.36762653259717903,-1.6278859389552167,1.2765507870277888,0
2.5874963275290117,-1.2462785279596067,0.10385202874232526,0.995351448604354,0.5699875253841317,4.798836483319127,-0.8688460783184303,4.53749187697834,3
2.178195470567434,-0.6174491489017601,-4.1002715084144645,0.37038061089842356,2.755171871270504,-0.7538485877316252,0.6291750910507029,1.6134752449170078,1
-0.3198455705828348,1.7697776361579578,-4.875345539169397,-2.477969842786786,2.5356250051033213,-2.2593745892965678,-2.3907821543252377,0.4683931192802613,1
0.8031412188666815,1.5199578995739316,1.0146889322558688,0.6425170193167987,-1.8372847978291107,1.3802631607621794,0.6720349456554423,0.8550478995636039,0
0.3030701227719701,1.0636581123060183,-2.0528796556263496,1.3174555815059008,1.9789699131786405,-0.7845706639432803,0.6868752232028936,2.1155379524447833,1
0.21748127994314126,-0.37877796487481763,1.8619354440440155,1.6538628171293732,-0.6376404774464892,1.211593767004679,-1.9308529392530067,0.8370728452180694,0
0.1521591535649628,0.2769897256715823,1.0772981878047072,1.6055751915338388,-0.1320033754926364,1.0006809044757896,1.5814637234833284,1.4749520916870202,2
-1.2279976256296163,-3.7789271165009333,2.4855611711079026,-2.729501357121021,-2.136486187319691,-1.9897611697221578,1.5721554799027153,-6.950470972343227,2
-2.1671972776448616,-1.6368395865367353,4.560897890547257,0.015901634087598926,0.3596700501421747,5.843272189880149,0.22799116370906097,4.37717967076089,3
1.8221727397739167,1.8129039250573393,-6.380296494630077,-1.1236692222750575,2.8516649689003226,-2.340201442053296,1.2932994952412589,1.2881878826221924,1
0.3348353920653043,2.0214755069916617,1.4313618179602698,-0.5847408552059358,-3.3264411137006973,0.32594595947668925,-0.4008739562549743,-1.4949569451656488,0
1.4048549553414467,1.5980377899776563,-0.7563410007089598,-0.277041201490401,-1.5636069976445706,0.10453574538463384,-0.8842890029883183,-0.2484243504116143,0
1.3598029916692238,-1.0993758697753253,2.7034799244840095,2.805537411096345,-2.080471520381298,0.3258770930249385,0.008588138508182646,-1.208378846973989,1
1.2872488631038852,1.0574258231919107,0.3131345662228435,-1.3010665994408184,-3.256626289099903,-0.4181523344799901,-0.02675124557413819,-2.856452086940251,0
0.8750096418742659,0.10547871249264718,0.6415610583332446,1.3367374744142615,-0.4909586293473542,0.8997051542915274,-0.3941557711847976,0.936067449061772,0
-3.290671874627372,-1.6150763764358054,5.857435628515864,1.1227533020495981,-0.49064007498723483,3.123088983027604,-1.343470279529558,1.475024896237114,3
2.348712118811669,0.5061562815071574,0.6978078771780323,4.2470009939421285,-0.8849506823576,-0.003203103601393309,-0.27460232652043887,1.0649276711835547,1
3.0141189822390997,3.1135345965937113,-3.8183927899438133,1.6916446868329729,1.6194626540932053,2.1392824136793367,-3.582062607487511,6.02969240837317,0
0.3353460644291293,2.0625481738311464,-4.117487879363382,-0.5212612125185548,2.303109466751759,-1.6299159979682063,1.6403972809330398,1.6819975025930038,1
0.6964378414889159,0.2794839602150798,0.5307571773165978,2.4967629500233617,-0.15975320944593896,-0.5037965748266846,0.2735287711417637,0.42504971091668,1
1.673801115918713,2.6259170162525187,-0.7805762098278097,0.4596382120584604,-1.2220317763870514,1.6970891185621721,-0.6284857063107556,2.3710517530240547,0
-1.5205065256757522,-1.0791932339654873,2.847844349243809,0.2170415807840096,-1.2984492388479925,-0.6335942072355437,-1.296833847167973,-2.4154686936600025,3
-0.028208058240563716,0.7730909079354971,1.7171954402790015,0.04912362818694471,-2.273214787801419,0.19377496799194294,0.00397495651718248,-1.3044212215559456,0
0.8018075493825342,1.6836306498364362,-2.1429443223905214,0.5761538839150361,0.8786919847975212,-0.5402650624222918,-1.2500735179709248,1.5697565083491263,1
0.8847474145393317,-0.09893321246689524,0.249796649534529,1.3729616215239229,-0.028201382547217047,0.6316451360519365,0.6803837384236716,0.9820166197950296,0
-0.08813540978363088,0.7237783493336485,2.0473715616336667,0.5460853607622103,-2.073845598435145,0.625049940299656,-1.8155416295253364,-0.6225486154567549,0
-1.1827220706922983,1.6325498074306382,3.186920282567312,0.7397597169128041,-2.2490584197369494,1.5226675414718733,1.456328471979585,0.574870502523475,0
-1.778594446853802,-0.5267651525191536,1.900467911241023,-3.0740678908743964,-2.1332650015887578,-0.3231419765624325,-1.2231388144094233,-3.576700816216014,2
3.762396640041151,3.1549418524101287,-4.48870894141701,-0.11563760646939458,-0.2303207892011061,0.4956972470390075,-0.7350729836273577,2.4606314611830147,1
-0.15829685308597619,-1.1985932991302337,2.4710379719378883,0.7597287510720816,-0.5335651732417039,2.448383452289881,0.7388232834503655,1.2157400105194733,3
2.776564567371863,2.4326242735624946,-2.7299303067231233,-1.313603363970771,-1.9788375832344354,-0.35504465445810907,-0.05324257008920245,-0.7243598947400443,0
-1.2623341506138386,-2.3066440882192087,2.6698053272062907,-0.7250386520445028,0.06430556633401396,2.468234394101368,0.8619647560864865,0.5090971373720369,3
1.0930860004690688,0.80320816488746,0.5618149997886283,0.5414939892189605,-1.5493465022848323,0.7719307179670533,2.0136989173313573,0.10267625947964266,0
0.5754245497099505,-0.574501972663746,1.019064017113744,3.2512170687868926,0.14152790166734586,-0.9299482557753012,0.01920596800369154,0.0012065077003554046,1
1.7626615114681656,0.3491605334454494,-0.973765813768235,1.407572222949951,0.36378040470284245,0.8553485871315821,0.5205018830769744,1.8800739471110113,3
-0.0033632519797303084,0.4716830145244996,2.1178006345162825,0.6429717737819725,-1.9445952029216826,0.8622142291715411,0.19774913553806917,-0.4174452046424704,0
1.1964981741412535,2.124087378222479,-1.076644880915771,0.8918120036536009,-0.12909949442334867,1.0392741697508723,0.7980598733523421,2.5168742959169204,1
0.7738498244339401,1.354150743704164,-0.003943598463413485,1.6245510926389146,-0.45975883586059585,0.14007831595132314,-0.20931661662150006,1.1423695706025692,1
0.8676833475121509,0.029693022709503025,-2.6516307446981613,1.0061037943939863,2.197374657196872,-1.3833851408598552,-2.2546108782927172,1.0682446500504268,1
-1.4248166784555516,-0.96364551659228,4.625359863731579,2.774086637122736,-0.6947575292963812,2.248273394249739,-0.4822722102015164,1.5823291565403201,0
-0.7185048669969426,-2.149843670442298,4.353008049329707,1.3902466024542584,-2.0529230023539147,0.5719991807136492,-0.8577388807870001,-2.2234647919252635,1
0.19308557147527106,0.752049084225765,0.7324119424633189,1.8349058843935941,0.3447395037094435,1.5359048253064151,0.1751749493090029,2.7406986434732614,2
0.7204685331706259,-0.5524199810676363,0.9037003491495792,1.5538538760221892,-0.5113943262700124,0.05682610892333573,0.581873956823205,-0.19124585930602978,1
0.9771659278537819,-0.23346280867270564,0.4164787663342978,0.0007855369763818398,-1.613477242705233,-0.5617820114176061,-0.5034623439010585,-1.9755317351786639,0
-0.2105393912067285,1.4946126480661595,-2.09942478171657,-1.0771653755847863,0.802536279182942,-0.8871648231766375,0.8403568239355511,0.4750657232841652,1
-1.8275461212834145,-1.4185075226421242,4.531632464838988,0.8201881669531308,-1.4497306230219476,1.521534380524864,0.1413051241048105,-0.6566335607652002,3
1.586419702597972,1.9447683424286617,-0.3829968124772142,0.7264011298613592,-1.0433855260780949,1.7379778778814834,0.7933493236860584,2.2161284591669963,0
-0.5387929442056806,1.6163710906990383,-2.18617960994602,-0.8436903700785748,1.08115738269929,-1.4440019974666143,0.2575331531289845,0.3416959741869175,1
-2.8995177719720915,-1.2668405387567518,3.559021766445485,-1.2070593615924232,0.24149893295405234,3.3404868477751597,-1.0935322864596728,1.816464231867543,3
0.1708257254716815,0.6004930234409231,-1.0139762605731417,-0.40077851146086785,0.17403914965284206,-0.5924899108862809,-1.5870337615259915,-0.12024573377713335,1
0.9272722562905102,2.387281590981955,-3.2770356057102523,0.9552101894361646,1.7514289436782666,-0.9390506893965245,0.44051960638091603,2.5370434785496387,1
0.7321387772745883,2.369866373899415,-4.013399549394853,0.20513432544152654,2.0071126156092016,-1.7418758617963843,0.5488358830184624,1.7757184622677216,1
0.6924565844262379,2.7677502723373397,-0.8217221758909244,1.0211072134199672,-0.15092504574569865,1.0867385438362,1.3221671462211262,2.9439047178313538,2
1.9935780307390334,1.6164147051592077,-1.735184218574606,1.0365231196024625,-0.03241906960228946,0.5575928713679789,1.4388263794542229,1.9586910070604358,0
2.5326563295376325,0.8594447110337652,-0.48031244504356674,3.3952100760811286,-0.6541282260936269,-0.5369342117391211,1.179913410425699,0.7512481976122308,1
1.8164841997088388,2.735011892955014,-0.15236902054567222,-1.0529779619668922,-3.5144504956318916,0.7365881835756389,-0.9990062325598563,-0.8800443972946383,0
-0.984535708190169,-0.4311250488235091,3.925091227093195,1.6685206348465593,-1.6538492827875353,1.4515613761403783,-0.723131298017258,0.05070444723562538,0
1.0015915386398813,1.0379836012655281,0.15725548906501827,0.6633316573071179,-0.916915569432526,1.0440594947327166,0.6187258381044658,1.0736875354187312,0
0.6844964343771655,2.7646789098456415,0.9931758185673015,-0.8975734393163274,-3.5593926967383105,0.8206002444405454,1.0001293357539816,-0.8623818062997707,0
0.15341421249744647,-1.1592165863575752,1.515419387726143,2.7880898027408985,1.043837549867821,1.4117003640479724,1.1399751145005097,2.3435760035094213,0
2.782276367808334,2.5541108164898785,-2.3748084600739596,-1.0049656767563961,-1.942513905979356,0.40626462492944504,-0.8374680161265329,0.16412010478106806,0
-1.9562843238011998,0.9864176472679713,2.3527929237463527,-1.3448247158513562,-1.5698196919381613,1.1789545261775904,0.31299630453482846,-0.26400985553805006,2
2.602448793309794,-0.2515170165501234,-4.302842809173591,1.371447221117896,3.0014797676110363,-0.6927229047986996,-0.23370501170845875,2.4586854874998405,1
2.9713699860050804,3.556978281372397,-3.5606424651067,-0.46593414144478207,-0.8621914398703515,0.643525887901626,0.7644782203057904,2.124287447369478,0
1.597528902175395,0.9489576137113888,-0.7444648518280674,0.4418399999223585,-0.9384941746127862,0.20143672110668231,-0.9952966937905094,0.21864286199175617,0
1.9593371999289269,0.03151896269561438,-4.149280761680187,0.6102200488425724,2.581027079087918,-1.3447194505861295,2.8334956118942727,1.3952935815160943,1
1.0323720769073148,0.9005368560027001,-0.3559495264727446,2.9840367796693403,1.77670619782474,2.4619426496345866,-1.1488514099292881,5.334431081409766,0
0.5412254938848096,1.1670502754297212,0.8847854568198684,1.205212940506362,-0.8857174680629359,1.3561235949061028,-1.8680018866707437,1.5973530612507771,0
0.7181767125645697,-0.44070317423765404,1.1209530744940686,1.6947459004736598,-0.31635467399906836,1.0227685838844653,-0.15857009234621902,0.9589980289686618,0
-0.5091939412417653,0.2563755743385725,2.2423685781219804,1.7510836852576728,-0.49298765517194904,1.483823021569131,-0.686936417944251,1.5779551001217214,0
1.059926308619531,1.2317893162664775,1.1659967672268292,1.8147480514106058,-1.793740252468643,0.4638538781648206,0.18379937299342977,0.28067187401365745,1
-1.6278589890272972,0.8317961351544338,1.5318499334013753,-1.3309033533851085,-0.4443208786530798,2.142633499178531,-1.2015881881405177,1.5110962070991045,2
-1.3426781977972495,0.2007262923328197,3.753534873521359,0.6420519469262049,-2.560669178618024,0.2989245331035213,0.4833248272528027,-1.729026421613251,0
0.3911224918901227,2.7044525653001594,-4.694298245943306,-0.8728409832300227,2.4605561460694023,-1.3797913992174458,0.128628690654427,2.336229923886347,1
-1.7389670074187658,1.1121317412084655,0.790351716756278,-2.8308949826507863,-0.6016613737143741,2.018109901650197,0.4861712414658739,0.9550560576510364,2
0.3661776665166776,1.870000926241774,-4.9787053536244565,-1.6235018694077712,2.5166100678444647,-2.039879674244025,-0.5355570796987947,1.0335637242300193,1
1.4412130762529096,2.519094070829146,-0.597584560327061,-0.8239980248781807,-2.3959732555858144,0.6279841117722739,-0.012227585219925261,-0.09739210571343761,0
-2.470427705813733,0.7985076934487743,2.031133722063599,-2.0405430885189455,-0.0797997412590975,3.2863615329033076,-0.8394815912727899,2.544962514400618,2
1.166181712930877,1.3709223521463918,-4.077605038562499,-0.2755649187244714,1.7699550681761465,-1.981705231207159,0.28020554105019435,0.6135492073475018,1
2.1152533852074105,2.423662100536388,-1.2386276010746087,-0.7849504374419282,-2.4494987066926655,0.21776200932887158,1.3882009388541614,-0.5077855878423361,0
-0.9638043094339919,0.41792685223520093,1.0162582026682427,-1.3048778723592065,-0.8013357005131377,0.9669702644434065,0.48809538137918235,-0.053031246121641416,2
0.5341567787111221,0.3003365645272107,1.4673119188047272,0.686559920262186,-1.4976004182632698,1.1543639525176868,-0.7743014221048545,0.18081773641780302,0
0.4139247914270502,0.7415779020877851,0.8841847993389069,1.6052342746401127,-0.24267211249263665,1.431445511144278,-0.5321724562434457,2.0747870810314613,0
-2.38252679982581,0.13627448880895565,3.5772409882807312,1.4899687165278075,-0.6342980855106448,0.4922761920384081,-0.6572117082110901,0.2651670839207539,3
0.39068090009327505,0.6607211085052193,-7.2829821366317535,-1.4384531637908484,5.685344123287812,-2.632140205447911,-1.4107996936270562,2.5596582484794865,1
2.4526290652361182,3.789684188667345,-2.87619062773885,-0.12011050303482163,-0.8130376875169256,1.1516003196940534,0.461230493586657,2.8376498000900505,0
3.9992933083597952,4.332643624217043,-5.421783622864131,-0.4900103346537442,-0.19512029759018779,0.6397082841761653,1.9992396963335024,3.2538745595565044,0
-0.6441821802589339,0.20577864798497458,3.1484395662658113,1.0814721835333727,-2.1175650567751725,0.742011396755949,0.14494924020545913,-0.7514616632249116,0
2.131896668012447,1.1989407508278438,-3.0594105046161806,1.795295992717779,2.2240455814464797,0.9310286636054186,0.061908104029996795,4.242824154591424,0
1.3608200265842652,2.3401426675908534,-0.8084627391589863,1.401505622319276,-0.011267719562521594,1.964170909958404,-1.2039381307977697,3.7574578688224975,0
0.5245093464666469,1.1182810162379058,-4.513751212715637,-1.0699859131639728,2.702483655964201,-1.712578425830112,-1.9297802318050268,1.2073504673226463,1
-1.5400058010641466,-0.8999236467222776,2.0788033783103206,-1.780536684805167,-1.3150421187260113,0.2977942672158741,0.3348944417522922,-2.114724357032409,2
0.1977770345480896,-0.3862463041576264,1.9956254318503193,0.41399182007347385,-1.9707759950667905,0.2125009081822633,-0.3551165654431084,-1.6147730959456696,0
1.0781238410530123,1.2470199513234652,-1.7759820606244383,1.025100387927674,0.6908798796771749,-0.5142777711019482,-0.510120739478876,1.320959218282575,1
0.06520667086459553,-0.4036882140568393,2.710909257295385,0.4082122333106932,-2.4800457076277604,0.6288756523157357,0.620148780415464,-1.7059210763804107,0
-2.7284556327024294,-1.6143980865040954,2.4029363798433447,-4.057167934409073,-0.7527677546357379,1.9946075012016058,0.11758168066188653,-1.3584719254681703,2
-2.1737587497851822,0.6021470627727205,2.3537188699644473,-2.5729317025178635,-2.3092228522465312,0.2342760384863929,-1.2386461271140756,-2.3976999089942534,2
0.6368379911469697,0.6982328163786493,-3.228087214915692,0.42050897715208213,2.196503923280467,-1.8143657468491308,-1.2447668741691826,0.8945141285681368,1
-0.2140931949987771,1.929284105648676,-4.492253758884217,-1.534376967374516,2.8553065822525476,-1.3913823240157583,-0.44694772758266543,1.9304964441688057,1
0.6388304198333066,1.4664147229673186,0.9711457571124322,-0.8270965269798328,-3.3091588322630505,-0.48932072167898755,0.2080550318240541,-2.610870639155611,0
2.1959958773315664,1.6983839818718947,-2.4938970581948494,1.0222982870765582,0.6167173960267899,0.6232602002215262,-1.1766718290700633,2.6431264360763733,0
0.4892600820793275,0.8195320648814325,1.193576717915613,0.7573976963774405,-1.445148197370325,0.9784085241602931,0.8055938349951759,0.410793530831674,0
-0.027831919928922866,-0.6261269925036473,1.7639539972509095,1.3677671783832315,-0.7604025184832499,0.18006519057802173,-0.5580863501366736,-0.4585354826745455,1
-0.6626113340696408,-2.002507219737828,3.910938497781475,1.2991691386310353,-1.8545665392467505,0.28953335554370574,0.2608231676775328,-2.237543597265809,0
2.707072506371798,2.988561302499019,-2.4242939799879863,-1.2096944745127214,-2.1388201523383614,0.47513767819926594,-2.2456704382724957,0.2557580460329674,0
1.5433855253538773,3.6594473126632336,-0.13073331489657972,-0.9500807432221564,-3.523105312771722,1.127197762620579,-1.2538048271000084,0.05059029601217156,0
-0.5494532237336298,-1.3781662447852052,1.0939815605164,-1.8601541324766049,-1.6437140589792811,-1.2221225798935893,-1.2681436516314983,-4.011823732204599,2
1.7768014353469406,-0.9227978714213824,3.5167578373247186,4.032925790314117,-2.832583616524581,0.235061523124524,-0.12452242443886458,-1.413255463191051,1
-0.3663991654614994,-2.2289648807814193,1.3697133985070147,-0.8114702159409767,-0.6030002380897699,-0.20364239760915626,2.087993682510094,-2.3790011294233318,2
1.0654440205078126,0.9781192737721978,-0.011974819473159686,0.8519847101559996,-0.6653067847316807,0.9779409309698855,-2.604346935214705,1.2599261061078786,0
-0.5876484632886921,2.108735135395017,1.1518147225542323,0.9715821512286676,-1.4683170710292504,-0.46003549457654697,1.0547778142766568,-0.11179775584075527,1
1.133295629880636,1.0983143898734358,-4.131048265224358,1.0711209063960243,3.2739087381853165,-1.0004385833358926,1.9757358680726427,3.0529408433258474,1
1.5647710079961923,0.8936936571123997,-0.8222438649160589,0.278939540440175,-0.7074444033694562,0.6116627911307981,0.41971082035867624,0.6990369983487288,2
3.061613091030838,-0.814516194003179,1.3088617133834641,4.043876168008809,-1.2975834295949054,1.0343265588536648,0.3641085442426688,0.8054990553127801,1
0.5604944881547496,0.1798300608191612,1.2174385272783619,1.7336485784756186,-0.3025430620816357,1.6549045974655416,0.030747583087498632,1.9251979631384633,0
0.7851906552586772,0.501595675943665,0.9099740541270642,1.5117743896096936,-0.43797325576208535,1.7717674012584643,-0.6742902925848823,2.0600087826123756,0
0.10586051207514657,2.6975423087969,-7.781660516924544,-2.2168531186907203,4.882883401413509,-2.8515179332210865,-0.543473107253543,2.66734928126714,1
0.16565950953647368,1.6889941496621572,3.88645479869793,3.278997846401259,-3.5245623915103326,0.1164206209306694,-0.6446759511634916,-0.8544624265062661,1
-2.4762218628451507,-2.261628134482387,5.153165087388326,2.392097827257761,-0.5656987673514393,0.38092178908833907,0.2265053521152884,-0.9911248375409902,0
-1.1404934810462324,-1.6210088736154091,4.198649596019847,1.7728544531505959,-1.5385995267488513,0.44743920361829004,-1.754788742122387,-1.4706802060991953,0
-0.9696520661819458,-0.5330213381497673,1.8968609206731597,0.42048889494337005,0.21949596372515978,2.0200485278085014,-1.9053304524509354,1.7305622992556176,3
-0.003991629931632601,1.0540124414709102,-0.9053295891665601,0.38167444644839876,0.5319097171982876,-0.447035578809101,-0.47007149958870037,0.8373266011769513,1
2.2195760999562695,2.7266633065801757,-1.8107155421029544,-0.6338459538551372,-1.83258808909086,0.5149789054100258,1.7992510456861954,0.5389465352749876,0
-3.176583850542455,-2.228618097134343,6.7010111971318,0.3154842567839544,-2.5503303584932477,1.299716224935299,1.9630858846815047,-2.578059451137746,3
1.591675776704012,0.29584891343291564,-0.4766128566047245,0.39661828913065944,-0.9731900552189481,0.07772197273689851,-1.6095209830809794,-0.34409347259105594,0
-0.06542167790432829,0.25330410193729125,2.3253199505137756,0.5821736323792983,-2.112935072778101,0.697845865736171,-0.30965981218568894,-0.8710820064122121,2
0.5747298278255742,-0.9936236747011127,2.166304626315815,1.9198265120128655,-0.7022934988513293,1.5867403068900798,1.0637739837855764,0.8459224034244542,3
0.3513401610356014,0.13005115058130734,1.5010674329201097,1.093351615968048,-1.1903641339809592,0.7227747949260777,-0.5047194101871159,0.06862378109000365,0
-1.1364884938758006,-1.649180602216787,1.945468970030969,-1.9967429893842077,-1.9696847048075283,-1.231503809406909,1.9908946329442072,-4.559936807604178,2
2.338778749857573,2.1572905953372277,-1.905797802947372,-0.2624927474166844,-1.350807308956195,0.41494125990045927,0.749013955074131,0.6390904023079188,0
0.041213311895357374,-0.9135255859663126,1.8205921246793795,0.3738745636859929,-0.745594529814345,1.5957170955934274,-0.7657453187062563,0.33724497640244167,3
2.3744485305551293,1.1577873149448021,-2.711086619110771,3.5363419328549277,3.41112891952983,2.6427040098521615,1.2254705453144694,7.3525110397054965,3
-0.1752442335131108,-2.799224386159529,3.054399839444691,-0.11587122578412468,-0.3389018186567654,3.6826705221533826,0.39844804551200075,1.2176151541619062,3
1.1270117760425657,1.765297530585353,-1.1408830405815438,1.8549319021137647,-0.06836540201897401,-0.9849155732449948,-1.1838426410516691,0.8281712389511333,1
2.0654263330023066,1.3423808272935638,-1.8451839753905643,0.41631285121746237,-0.2869229032313302,0.39251774474928813,-0.8902544200486536,1.2284456980755332,0
1.275206668525697,0.21978672460305448,-0.38440626997755417,1.5160929190500898,0.43462935879039544,1.121081771394047,-0.6227475600019066,2.0966186270267975,0
1.1056496034128476,1.0658017982423993,0.3977724505891875,0.4567625052757277,-1.6470795549124517,0.5842335959592411,-0.6973091506990274,-0.012866689457323329,0
2.2274990415301974,1.745734997990744,-1.6928641347689,2.3444345704000913,1.2769802432526411,2.541161044816,-0.15554946862932667,5.387310441633253,0
2.277020582194026,-1.5858671878410058,-1.6730083216554015,-1.4379834355480736,-1.0201681918148955,-1.3272963128927393,1.7660503040522881,-3.3454705382241676,2
3.24465614855123,3.3644114489849692,-4.198616611293431,-0.2739731867649381,-0.21914350763069423,0.5515729157045478,0.4261031309833969,2.5614805439841835,0
-0.16132484590050733,-0.15037790295876696,2.271849684954855,0.9979109488256005,-1.3346102177184351,1.0229912589021972,-0.6976164506090564,-0.031047247317020858,0
-0.3363553794073252,-0.2200000956894389,2.6709828026339992,2.1934920053968625,-0.6003056454431099,1.5737664630764434,1.3207501278261604,1.4217122071967192,0
2.4281938618053647,0.780307206647995,-2.1361135731937986,0.9422457979543677,0.25669968324696335,0.27879624876138864,-0.39998202782890996,1.441938396455923,0
0.5325819027978813,0.2590679588637341,-2.2312020714904612,0.4740967927010682,1.4475858371938983,-1.7373895250080498,-1.2743851344689174,0.04890610541445831,1
4.737463583658542,5.118429814569472,-5.92308044160132,-1.0181321707633084,-0.895912778611635,1.174648891741128,-0.3962103422811035,3.5046302353818657,0
0.457785513321307,0.009280170081096939,0.021801194687789432,0.35427649546749906,-1.121252838505029,-1.9306719172014266,1.5790894560712077,-2.5536565797410624,3
-0.9831805196838295,-1.9004331557021699,3.882817569510371,-0.13874897481286952,-0.7757339872495856,4.12299801625391,1.7369429430193024,1.7247055370814826,3
0.8430900021818489,1.1554575896728079,0.0016611015985193583,-0.1392626722351159,-1.5609381458749487,0.056219143464249166,-0.154373534723929,-0.5644788720150306,0
-1.3786122014338185,-0.07901969306236512,1.6694527613320074,-1.330921961760982,-0.854420905088076,1.0262332224089203,0.30695075011252615,-0.39533636130089816,2
2.968873732270444,0.48972625619368176,-3.1315607778070937,1.9845732364965638,1.985095431825374,1.0306725129085588,0.2890220506054031,3.8066512362632223,0
1.2083620942504132,-0.33780871929240874,3.9788881541757557,4.075219206448558,-2.960757526412564,0.49136001414646235,1.5057911210760855,-0.9600403091805747,1
1.1639131645607914,2.998105017728495,-0.4687917803943845,0.9330530109797265,-0.7612743686473309,2.166123761382047,0.3610251451427553,3.5345407006502834,0
2.404969056768815,2.9828430456125115,-2.6248245264855408,0.44803224074930414,-0.31758973535328483,1.0376076223616366,-1.7256742533751028,2.838649062412534,0
0.7772949575448109,0.7344442836428668,0.9604923474242859,0.9163003378593239,-1.2620716111166088,1.129364923733069,0.5369756969437411,0.7243654684908842,0
0.7385278958649514,0.7794984882830989,1.324523320977561,1.8960096583908403,-1.8502759422641444,-0.6886828157953331,0.3980947793532806,-1.0834797801027674,1
1.7161222488892482,1.7745930043597367,-1.0607087347737318,1.008788428020296,-0.3084664722736218,1.3066789070928846,-0.44466906769890485,2.460048168475401,0
-0.34184769248167723,-0.10975561811233525,1.4062919003567877,0.8253818756438659,-0.9578179156058012,-0.5668606746404824,0.33121927873852836,-1.173947962369326,1
-0.7925763365425853,-1.7001285515722708,2.418172048825843,-0.2557002004851757,-0.43319342820837786,1.8506861614952772,0.7506927951289866,0.0848327073345179,3
3.473813763122103,-0.13398085041523256,-2.263069963587139,1.9029516032598464,0.3881185287333473,0.2246686683180169,-0.3906365307513523,1.3211025282172155,1
1.2610071787250243,-0.027602625138970494,-0.35296918914490927,1.6467755460136044,0.20052871044682208,0.1359743738447271,0.7255161387753777,0.8952834478783217,1
-0.49409459839582126,-0.05918907251577765,-0.746664336100815,0.8737362676984967,1.169050935186673,-1.8132375965326597,-0.39719096651343244,-0.4112426570078915,1
-0.39438239825314436,1.9082070686536587,-2.968061790502665,-0.30547434102808524,1.7538561075886725,-2.0539304351272376,0.22441720794411618,0.7410091130284185,1
0.7715472702756518,1.829109938333599,-5.617957651435032,-1.6026760288770334,2.8497694742686277,-2.1008122706029253,1.223931818468504,1.2800889080173763,1
1.2235225913765206,-0.6825026174525463,1.620789403886322,3.492271335693762,-0.7133629057174774,-0.21715695055026307,2.0180773827178204,-0.04282293199655151,1
2.528824415055186,3.2477504039320793,-2.072665415618998,-0.3288848376228467,-1.6681795560286012,1.142495884462358,0.9738462572598192,1.6894279477197818,0
1.1970994589184416,1.812682083394097,-3.0607520618744717,1.05673744376717,1.636514397783735,-0.8399279865335681,0.05138541062432149,2.2209689867722147,1
0.28714725691531806,1.1605614333902032,-0.34734765427642594,0.9663644998628333,-0.12314162931905914,-0.4679250711662323,-1.120812106888977,0.5232220638504176,1
2.5405959491513443,3.5496130994642656,-2.6453297405980587,-0.3444900544027881,-1.11067963656552,1.3171125146424163,-0.8687763509936562,2.5141149278937416,0
-0.3186557228571938,1.6851922483703792,-0.19365227150537379,-1.086733976691189,-0.699870874985296,0.759118785440932,-1.202803194645333,0.7560024428167578,2
1.0152275379098261,1.534533397543725,-4.243917731896388,-1.3445716657520457,1.6894571757017205,-1.241020347732633,0.35140666884228294,0.9612068432588007,1
0.24227751326450397,1.3338094462588166,0.5851378226277423,1.7891389036015766,-0.1326194390320803,0.9467577059853374,-1.8387767179789956,2.1492021131163432,0
0.7423668814987612,-0.32602883918188896,0.7631402565714177,0.4144664364363886,-1.2640989814085255,-0.09257788254748223,0.3055643843570512,-1.195981804761509,0
1.1813268221039863,1.0247799778627438,-0.5201565672181081,1.925960298951574,0.614088747314976,1.362913094566622,-0.2970572078727425,3.0932398198314597,0
-1.011718984780771,-0.6320220130911898,2.9513438131305954,1.4012532270411646,-0.7454295085148154,0.9988194393097111,0.7062309747670698,0.22125283470491866,3
0.9784099077983736,-0.5864345478183576,1.5948559924010195,0.8185601177244033,-1.1552971187092635,2.0542427527189218,-2.2408467440227384,0.8088452958718758,3
0.7602044544513886,1.0250989393594394,-2.307869617368949,1.5130374366311656,1.9261429779695987,-0.8273378665996922,2.81598590372273,2.1039110388786515,1
0.9159050548881514,-0.47894023708537403,0.9946004408369109,1.5161319597039227,-0.8703078774005505,0.08533197210824117,-1.2218070931634644,-0.4284631790799347,1
-1.204971354536268,-1.419856977673707,2.182379371247808,-1.625592316866735,-1.9658011383366865,-0.9950144967384439,-1.6891124539708449,-4.089419146924699,2
2.302183601336023,1.712712815879262,-2.001109079283587,-0.11652475545587848,-1.0896522500461583,-0.0889736993082183,1.3926548882840513,0.1798652378475897,0
2.745200423385331,3.3278431009920597,-1.8746432237701476,-1.5630685960652562,-3.2003893902765945,0.5219252742134398,-1.0460790158532527,-0.5211328650527172,0
1.571210290364808,1.7787326439000204,-2.55356756125568,1.7220212884005637,0.8597040838045281,-1.3705177045092998,1.3333873002204246,1.287936957119213,1
0.9600746055173961,-0.5718557156318868,1.5242973078588269,0.6626591277043186,-1.6409375136691586,0.9414324054322615,0.582680813015186,-0.6531254260237792,0
-1.4064663797645998,-2.449774786600025,3.666449197595023,-0.3755601065156414,-0.880852634265348,1.9418966359274799,1.2803323038717285,-0.7735427099392461,3
1.4144492951840335,1.0269925829303994,-0.3447794952886131,1.9948360380045855,-0.8990413074465194,-1.1965926195912175,-0.7051820240254286,-0.47671072980908313,1
1.003642107774989,1.082973517920351,0.3803545490171133,0.7844951965716886,-1.236124956235219,0.7943986131608596,0.2575749708891944,0.6389593962829776,0
-0.4710201014464924,-1.5090672102611822,2.3118849445790586,3.3658952929439114,1.321753311343568,1.4379618401055758,-0.4060006639084922,2.5253844357669735,0
-1.8025443517898108,-1.9790916814096948,2.8243205767671746,-0.565676298554539,0.10980247964607803,1.8778110773830825,0.7616721862950018,0.23183736997585536,3
0.586320056738213,-0.7657142582844055,-2.117460525851987,0.4600196856925313,1.8046826063247807,-1.7364843876054976,-0.29550228953308394,-0.2790172643691185,1
2.3024209045833235,2.5457215698284807,-2.725782165430438,0.6057374737926637,0.18550593836354878,0.9117661213119396,-0.10155820367255168,2.932120037692611,0
3.24792687262762,4.477314353400679,-3.814797169847592,0.11509475328514218,-0.4975699338310363,1.7784233867841481,-0.6290567313584048,4.237404258250423,0
-1.7666657169345106,1.5391753797040502,1.860914271213483,-0.7049633574916481,-0.46066602678599916,2.6432074442899243,0.3260443763658592,2.574013709631562,2
-1.4692322408689724,-0.8897114684066288,1.5570088279863128,-2.8709820694041333,-1.6507290748992083,-0.1362885926190177,1.143319823961569,-3.128461402509344,2
-3.6334026984324317,0.267826620648277,4.592830211362063,0.2651618409812154,-1.4374826054324177,0.2957066592382154,0.5886354597962726,-1.0088247154830494,3
0.9332196707262493,0.7307281133517829,-1.0043838201292463,-0.40993407421053274,-0.8671592258504804,-0.9724562857110214,-0.42867479688130566,-1.228763418249663,2
0.5630617071123291,0.8096356721136384,-4.31940454693802,-0.26497531429811894,2.892847516620234,-2.1958886113061205,-0.7812724996943938,1.0037658127801545,1
1.3568059529581973,1.3555727207238226,-0.1994590134776809,1.098029435703146,-0.6813399903038964,1.2516816581287726,0.41857288599115444,1.8267799922154406,0
1.224840337970349,-0.1073956156867727,-1.2188436041313517,1.7071027414203086,0.9128377565673715,-0.8189006660500275,-0.46674581057504605,0.6231313307356391,1
-1.4835462924803409,0.12066659823667802,1.8784357582123348,-0.8262572749527328,-0.42609214697644465,1.8520599795584674,1.7461537795510573,0.9935417199095767,1
2.7212828023060713,1.5397316469588782,-2.679826644043377,1.8241886776585998,1.3472046784576959,1.719079138550318,0.6200799984463362,4.455360221128136,0
0.4739749575886453,0.9320448662657967,1.6915600371365533,0.5928583666373539,-1.9318763425809777,1.5323995540302278,-0.40666844187691986,0.5024777022765285,0
2.460475849439482,2.4338976617248727,-2.1247671151005236,-0.11721756648674464,-1.0487433700816815,0.9513109814873382,-2.060443037409089,1.6102152966914614,0
2.109574249882767,-0.4820157331943554,-0.767310001291123,2.701442123490577,0.4386071549713561,-0.4762783041762565,0.8569962449162634,0.6672019197926411,1
1.8883824215791287,-0.093092266290977,-3.3477310190421976,0.816481782129692,2.4856186615504097,-0.03132878244619752,0.5225100702105113,2.4734712854164975,1
3.2087152397534044,0.10578119179713141,-3.9257021527825673,1.1021884045865578,1.7021487659711132,-0.3985826952962849,0.31978999455603274,1.7785317176055198,1
0.828699851050647,0.3489495878648293,0.8610751801099065,1.32235522669247,-0.6627928962940943,1.3063668082956497,-0.3003268458042405,1.2955074077287014,0
1.453835854309188,0.1285660411012366,-0.675901007127145,3.2991327808702464,0.6829688891633996,-1.3279658815505075,-0.4778523960351749,0.6340318492748157,1
-1.8879351645221742,1.6734402828702413,1.8776600664118732,-0.903266940408231,-0.5393374990040478,2.6680753897498004,-0.11569648291566768,2.539790670098744,2
0.5835285985552653,2.5072294902017647,-0.09541485177658592,0.622415223086929,-1.0925374173162195,0.8508763034162214,0.19674232376570605,1.6182792662840366,0
-0.8092783560961042,-0.4493687750686869,2.8760755741560975,0.21931533458411978,-2.3957333753846055,-0.608812959908137,-0.8155027018702209,-2.898459064829462,0
0.9060674176606348,-0.8837481392865643,0.04999397545627651,0.37794428050132023,0.32653732953974035,1.4103227925735136,0.6625625498799194,1.187292936671365,3
1.5072726679591253,2.0021763636537404,-0.9959102837957219,0.8914756449677799,-0.45376440879100227,1.0980345471653075,-1.3943556666692327,2.235431488426976,0
-0.9217578536802439,0.3934895287623582,1.804048468639374,1.0797322877268825,-1.2618803996954229,-1.3222438202008453,0.7723145844407059,-1.7662886445356798,3
1.982241995123684,0.4566448769625565,-1.1832494947842136,0.6185984668173227,-0.3625894846367561,0.4041096705281843,-1.314170759104837,0.6789734939070836,0
1.6216067264747576,1.337327411934258,-1.6260148840850455,0.9222633195497819,0.3237412226684152,0.5997359529247097,1.2243816701175614,2.06738160413197,0
-4.100337807107876,-1.2333100503315042,7.24873527835066,1.5743954367904767,-1.2438807338910465,3.0178554782654046,-0.691931322338641,1.0454642283027666,3
-0.4768016716736939,-1.6602017247755056,0.5602381195473798,-2.042012083945129,-0.6202686655095111,-0.2120272079629827,-2.563953967979889,-2.444361876841586,2
2.4989068403524604,1.535205149230528,-2.8726608476703013,1.667423627985394,1.439419337846311,1.1011659795358257,-1.9581754288830124,3.9114853780399215,0
-2.27348621782353,-2.0495545118486094,3.7307040842748966,-0.1904120328599791,-0.2277665186645541,1.7839158134802962,-0.9079457135226163,-0.10672658619224973,3
-2.459761466805479,-1.771203670133382,3.473057211592151,-2.6569201113923464,-2.2890980694637055,-0.23319110699378387,-2.4978471195672807,-4.326593073673053,1
2.8018470354002027,3.3583370095288627,-3.8643906244471857,0.8350663193087988,0.8315589793240968,1.2213699790423098,0.16781324467578934,4.387557504939971,0
0.9745127907802101,0.8319642828438091,-0.758498443866623,1.3588051989123087,0.10994036780635053,-0.3636435167011577,1.2840410068362866,0.7908382018652795,1
0.29370816964194957,-0.13970735205179385,1.3588438874360305,0.41230388541541957,-1.5781733240868097,-0.0534857049896712,-1.299637669862416,-1.3523548639530725,0
0.27222475706211424,0.455991011704437,0.9396783803816919,0.5249270422217289,-1.2441310252798754,0.12113780684408704,-0.33408815877533443,-0.5006261650553564,0
0.615286130243956,-1.4254002839952031,2.112424293438367,1.310674510817503,-0.8106247361862605,1.622564518855571,0.9958934155892449,0.3257325445030527,3
0.023405338991366764,4.314564537722021,-0.004079769825228196,0.8762583243600276,-1.659471913103772,0.33902640493752423,-2.4619797058899167,1.8300466526413124,2
-0.3794343256167335,1.940381743720888,-0.32774444460353563,-0.8656757930899891,0.017684189152891383,1.911221222054829,-0.5360817951208536,2.6371568653861646,2
2.2273064712506376,-1.2707319742215604,3.354306784657673,4.624045773761776,-2.438178260934722,0.5054376842662164,1.2169688626813204,-0.823858219332343,1
1.372391887644657,0.8543036266317138,-0.5852648747718484,0.28145386214353985,-1.069381197427751,-0.0992256295645998,0.26390311721875853,-0.29163836120753184,0
2.9958550061942884,3.4488602115186437,-3.115698518258291,-1.5702473946422342,-2.3637824854641813,-0.1219173899451661,0.6426567318548759,-0.2805757633190611,1
-1.4130923292024935,-0.1375511460880775,0.9617780993193779,-2.5547096960920515,-0.43387630844006364,1.6915800768824596,-0.9752409251002728,0.14124251847835273,2
-0.6254672756496203,1.7246297107688378,0.32618888784664524,-0.2808044386558398,-1.191746411636338,-0.8167154826312741,0.9665442505206124,-0.8296489510543208,1
-1.7785282264374795,1.5121461599969481,1.7391434014990554,-1.34148594987733,-1.031523748681476,1.8476527477659976,0.7131723652486122,1.1455776059716867,2
2.756794004622077,3.922248545834543,-2.829223702661155,-0.9465289861445226,-1.8784532120456543,0.8939367258257711,0.5314896881466579,1.5262281425875361,0
-4.006582076746552,-0.18874621973070604,5.475083296091837,2.7533954941502095,-0.16877552791272832,0.5718863349456671,2.786049937813325,0.8135572106465284,3
-1.0609231554919831,-1.913787649132177,2.8182620656569943,-0.17713094911663385,-0.9571132467608603,0.6966498316147376,0.15367402056418814,-1.5345396962307702,3
0.13244282872777724,1.4730588698390532,0.7191020560581705,3.8223125385386947,0.1818709243263411,-0.9664769066034516,0.2921972948833408,1.4255655482898053,1
-0.9063354089558437,1.8257971075742192,1.0747084611285243,-1.5497270140204384,-2.6407541339469867,-0.8782795615505371,0.7951868616415204,-2.5019879836152374,2
0.07323245998717953,1.6563846751718103,0.7244856881928528,0.6953419700215031,-1.5553209555646492,-0.3983514806982337,-0.7574307747527896,-0.45061731915557257,1
2.0698529272252078,1.6867954310471656,-2.694643100386943,2.1408263392244278,0.8673437460141508,-1.2545246598887114,-2.184492735051809,1.5117291828704942,1
-1.8213673505772359,0.016578247933078494,2.503091936024067,-1.0115193322322937,-1.1445143237029245,1.2007346312900515,0.46957889689839183,-0.3638337494789068,2
-0.16984195862861518,-0.2881680976173565,3.0615358496258955,2.873595458313039,-3.104596542374023,-3.81665994281269,-0.03927330695157529,-5.40544597097139,3
-0.2346062645124235,2.702928826803206,-0.9074603662992933,0.9631799704310892,-0.14090866470608587,-1.333491905505332,-0.21964501553375446,0.6508870467613522,1
2.511349112144308,0.904081258667083,-1.9587961246780075,1.1056307358473834,0.3534963602052462,1.0977184037286258,-0.7874753048877546,2.3960692617569874,0
3.298634358197825,2.1193834851996862,-2.926480708177544,0.9367142998836149,0.02587282470971819,1.3793133924015335,-1.5004677127830177,3.1281387699285506,0
0.16221191453847528,1.1802725031534942,0.7324260124784453,2.6069226012312723,-0.41562870433961907,-0.8637832694576429,-1.1815231616646271,0.4350145318238148,1
0.5614591530188755,0.12561576994172174,3.8356446981589207,2.999800951359297,-3.285208575403448,-0.07107730341444785,-0.6166335598554541,-1.8468820103587285,1
-2.273444928986077,-1.7124807461731675,5.739747166041734,1.5002127541331398,-2.1438685409696574,0.7605202529861537,0.6611027776811732,-1.9445647642620263,0
1.943504757567469,-0.2984209205908347,1.837697774648242,3.1863364276935746,-1.9100334784007216,0.24096300264497017,-0.7379585563250161,-0.4729073400081418,1
-0.9403642388542727,-1.1357007954061928,3.470851286818535,1.8091306011831279,-1.0081705093089914,0.7472139650387484,0.5867973779847261,-0.41212893217110236,0
-0.829057416269731,3.1057492789705274,0.6943328009203044,0.763402459277604,0.0035530708820885604,2.671347200528694,0.30559812717284496,4.513454700254232,2
0.5855131657070056,-0.8773123761905303,1.4235462601554654,1.1887291605058878,-0.9767773763865292,0.1747757546398686,-0.9762464514545354,-0.8173776259909585,0
0.4280022261856208,3.041045279798291,-3.405090053723072,-1.1600681729843911,0.5038162097885723,-1.5127508435089994,-0.5776142178649032,0.6400597777897052,1
-0.09442851559811927,2.26607086122609,0.22452662807198165,0.04739496109585739,-1.4061914737674404,-0.1107760123423881,3.2401391486368074,0.09928299061673836,2
-0.5886250159244981,-0.6000193711041715,1.3894066387293198,0.5813526038063027,0.5697751343814595,2.061606262980002,-1.0720580618430398,2.1100610434657527,3
2.951645832641938,0.11293278500833548,-0.5621843681452942,3.2097525123569697,-0.13803801486284917,0.7701662585346417,-0.3252989243235641,1.880809613343758,1
1.7833728076827629,1.3776761009413099,-0.6283004768517426,2.3447914637457687,-0.49408186607638516,-0.20611842293775895,-1.2174801872358345,1.1209818740291906,1
2.0180815717464835,0.1785122369999167,2.256730941683044,2.3944203376616002,-3.2066589123760836,0.28069930212046523,-0.6274428354765009,-1.5101806212976407,1
-0.015384013344114877,-1.4424652454718103,3.2947443696369505,0.9933579826418906,-1.3948706067450982,2.3770001432701693,0.8277079982342662,0.33678154855434544,3
1.7709151900802007,0.38660586844211664,-1.075378836659595,0.7146465360963358,-0.32633921695235457,0.047888243916634154,-0.8295075588820175,0.3613035898390864,0
0.050681334795285915,4.34389981307184,-0.36285858808997096,1.2162236719956265,-0.4087054745491051,1.876629616380886,-0.6748784964301175,4.423666318874771,2
0.4396071422360639,-0.0760801068210768,2.0672954186473476,0.9830358554444996,-1.6658623021742809,1.2586863552033458,0.30983759319992266,-0.019640779190766223,0
0.01071493174337168,0.3731339577695926,0.25858397798378324,0.6506088902453129,-0.7630772184993547,-1.5067251655607214,0.151231072166842,-1.5760280509920732,3
1.6157539638442748,0.3178456090386753,-2.677155628342631,0.3663443700318142,1.436310482547102,-0.14603778413771196,-0.10652910519408314,1.5526441600521883,1
1.7142480444736616,1.3436085434223624,-1.0164522695802867,-0.051978363509695424,-1.3631491534127254,-0.031751123324259445,1.3686296220971284,-0.2605482420188648,0
1.2136541608930214,0.07987416511435996,0.2322456164686758,1.6284749883159262,0.08064649792806622,1.4787188043795891,-0.525458414206894,2.053998945981616,0
2.83207015768872,2.3254221064174696,-2.717999059946691,0.7945533164425833,0.10188505488390442,1.460386981133954,-0.5743824504629396,3.314760112404404,0
-2.3123039501800693,0.001984318463216783,1.761846371413281,-3.2749971276225964,-0.746131334245377,2.176964452510017,1.558183630762687,0.0966810506625851,2
-0.6934701947679414,1.7171980188553722,0.7010314365125732,-0.8900867855758642,-1.426709712876817,0.34851347138113586,-1.9076118069567995,-0.19001153846507046,2
0.7620861535127961,2.003634221102149,-6.961443639786212,-1.9872278505129644,4.133575101892621,-2.002539321396205,1.0721967159384873,2.46924038522006,3
0.2370137619724375,0.6159951632497013,1.5693397196013008,1.0023671889872008,-1.2255347400800785,1.2878092670527463,0.08595738801721546,0.8105091549010226,0
-0.8294279652966748,-0.5771282948516515,2.9311654289767892,1.3581690334337102,-1.241126705785359,0.36631152791408994,-0.9804695349218977,-0.742289126977916,0
1.4705168234677273,1.526322111003228,-1.5839233976712974,-0.16611627278942664,-0.6851380204644141,-0.18304642202534593,0.8491426059321912,0.2513897732100455,1
-1.3078659946282558,1.5860109562061635,0.7923962267519273,-0.8423619965002735,0.3193919725339599,2.923702107446645,0.4531636040605758,3.5236731876084675,2
0.1787939784820236,1.0098109333472671,2.0519063898089986,0.5986892688344884,-2.142729396247379,1.3972937821446192,0.09315877991765241,0.2259547149893429,0
2.822306336579141,4.078679792584259,-2.910228451769952,-0.20659519496268464,-1.1458586948433438,1.6593791517379022,0.6866281919461598,3.1854008524417843,0
-2.0074604857342493,0.32836936466585576,4.919144316627536,3.1507971932329424,-1.8852999505558317,-0.030737907557852107,-1.635579026816248,-0.6173193388623606,3
-0.996966919164933,3.012610004416371,-4.728260116110152,-1.688372570830476,2.832284943247509,-2.3784766418610483,0.11544263616427654,1.5910182210961472,1
0.6674982414717265,1.4233437442078833,-0.37629315368140626,2.0392854744245126,0.31366933101037076,0.1630250781793593,1.8510541768497661,2.000361413466008,1
0.7373958828221445,1.3341415679814346,-4.539566692011181,-1.8948271716526786,1.8461066286264343,-1.7999221983386047,-0.3398450418443653,0.2756907030882859,1
-0.5928318548819551,3.7623197237442456,0.03499045393652468,0.4109406907283858,-0.054221685745342585,2.6537474524154976,0.2910068624638142,4.763171564267877,2
0.8900418526788135,0.7721177628732403,3.115144608866805,5.673657435512729,-1.3929016956915645,0.12385379508932737,0.16343176058713194,1.2431809674051315,1
-2.0890373378325386,-2.409240550329914,5.3684574543416685,3.6535739862099677,0.30267139399299603,1.8989444391336612,-1.334160759004991,1.4612933862278985,0
-0.13468799223414674,2.333567844491792,0.31340368653454115,2.0062289269183715,-0.6230633422733803,-0.8804522849754869,-1.2910395748499208,0.7460149470770778,1
1.7621476178739055,-0.773578107932628,-0.3671092522764102,-1.0412398624051633,-2.2219599449761325,-1.3775592515831856,-0.7263593079771473,-3.8417431037599523,3
0.22498397645186707,-0.6140059852391874,0.9678387302632551,1.6438016854042734,0.1866944079993641,0.45076341523050345,-1.2221760651510125,0.7206057312586803,0
-0.9751557315924851,-0.5198432799265255,1.2055656686814487,-1.6802022292166294,-1.0285093857511773,0.29255031439998525,-0.2797152893203726,-1.5591767872859452,2
1.5650859622712952,1.4743770954286535,-3.6330712775260126,-0.7115654017718712,0.9091755583888673,-1.0676373919086173,0.4861685979665005,0.6439117658948426,1
-1.2027173712778039,-1.664198733838015,4.249159839897439,1.1561483311971856,-2.163961953807593,-0.17984219173546412,-0.41517528116371183,-2.8030376850849583,0
-0.909279439724401,2.186501475274289,-4.667450247437832,-1.8509436238871277,3.218281661097752,-1.9118054079325546,-0.2617009938158365,1.7856840378308485,1
-1.5354051519801373,2.1927692607420664,1.6373763877159055,-0.7298082138966024,-1.4030511584162038,1.2706110967394704,-1.0271174242187837,0.9408725896533758,2
-0.417874573182888,-0.2714642423470516,0.6618250851109286,-0.8376586765270034,-0.4475005877900913,0.6076279347549796,0.2537067194918132,-0.30864430993332226,2
-0.8322782005968702,-1.0225636753549923,3.180050965761969,1.6419747033872656,-0.9436159237446026,0.7533768512418432,-0.1511522866234305,-0.3246467047409553,0
-1.7387874553496159,-0.7455800185203711,3.5885193738047785,1.8334260693589766,-0.4619525086924488,0.86766443160105,-0.12232338213274517,0.35995858622299975,3
-0.24105293893979507,-1.238995935243754,1.01259863032771,-1.123414848849863,-1.6271011000622724,-1.5465892591458261,0.20946196973019687,-3.9456952207440614,2
-0.7478043221305497,2.2646980432368067,0.503198486755352,-0.6194756824959902,-0.8855619488970696,1.2310745969146204,-0.26130011056889496,1.4943091947004883,2
0.1225997731075219,0.5002905448445916,0.4647512595499406,1.1428547133112874,-0.20821086565017388,0.04898274192156338,-0.9189691210547781,0.5452469927775083,0
-0.7573645836920602,1.5588530406433208,0.4412662565259778,-1.9611624813927704,-1.8891280566216588,-0.2335900228056117,-0.7695934645023071,-1.5557684000483414,2
-1.4039384419945358,-2.125744624911573,4.048912424295236,1.6193851076765542,-1.1935782224898013,-0.1975970718785759,-0.4215940625576031,-2.1331337555204337,0
-1.8174432786245345,-0.3586315855502168,2.670006893223826,-0.5108199021423963,-0.5233553708915955,1.907732454752637,-1.989815518799147,0.7347008910401491,2
-0.3093293474490898,1.2962670166022432,-1.274842486236036,-1.9545030157760581,-0.3326598544516751,-0.5189128582089939,-0.7810089435481842,-0.5880620255687589,1
1.2970427130486606,0.997662045215939,-0.4579196319261461,1.2636531549494707,-0.07481537929178339,1.1309667897022306,-0.25197318715848965,2.0697420666798907,0
-1.35798546113825,-0.295977268373976,3.399011533371957,0.9903131493417375,-1.777380603285354,-0.0001561575839860163,-2.6191522050533393,-1.5180932858354232,0
1.5606516796088856,0.265300947257452,-0.3292161961627752,2.108062664039377,0.03580327438068609,0.2404637417424168,-3.120544022943797,1.197103564492582,1
-1.0207039355244634,0.8094478389962309,0.6267950020798337,-1.8671692211073494,-0.8668877602501283,0.926122683529754,-1.390894131258771,-0.08467374755041764,2
0.3288004478060863,1.7622539695088268,-1.5523782017508183,-0.2326254304756955,-0.20078031068287683,-1.319226894576904,-0.6181731623472644,-0.30905729334073956,1
1.7243792656843704,0.6920276624172544,-1.0371619806385433,0.30774620049860457,-0.777834578691503,-0.039467325262035335,0.29556060178674576,-0.05086363841118682,0
0.16059590031737303,-0.6550490097748433,1.5793142949320043,1.8027706171455211,-0.3445253784594968,0.4352566566750554,0.8108631155983488,0.26529550569712285,0
-0.044816350170556296,0.2586159838738299,2.3814691158909356,0.020802147133868076,-2.847730111213399,0.012337605747204217,1.1694082321564618,-2.2966889896487337,1
-0.5208386193326626,1.8495817961002698,-0.10752938521885722,-0.578410228155906,0.35226119938865763,2.4128179830180843,-0.2026167676043195,3.4012195164301806,2
-0.3143993423924395,2.917069648142205,-3.864668478294674,-0.8474373528186109,2.0632547212406283,-1.5246596739782565,-1.084243753611709,1.9479956132829084,1
2.211541565958944,0.10834921539806353,-2.8256525468520812,2.1949743390701397,1.9686105157959486,-0.771496569309154,-0.008585201859605372,1.9459017431129233,1
-0.3568115709513372,0.556755604268648,0.2925365319124531,-0.0938683175433711,0.4324553596957542,1.7597634191322173,0.5983980076204188,2.2448937825072868,2
-1.2092640032643522,-1.4452390688913916,1.8721430529824086,-1.8446110519251984,-1.3662277333498487,-0.17332906363597422,-0.2920753016065431,-2.9167472147278213,2
1.7358585735140757,2.3748360836851115,-1.8025518292666436,1.167727356363867,-0.5946398577328174,-0.7791195565582213,0.2599579936436911,0.7650817916944277,2
0.3457921873039088,0.7215477115463806,0.8744223345645818,-0.22308684339306006,-2.1623740516946546,-0.595851227168022,1.3714747821409223,-2.006542220865585,0
0.9658279633802808,0.6312485208153648,1.0065500841712764,0.17838450759511848,-2.135666552795251,0.6151073004019334,1.4041659401003963,-0.7785777249770498,0
-1.186383781154193,2.1282337236243665,-2.184619959643594,-0.4860553320517428,1.4663807635115373,-1.97202010943434,-0.4473732498412154,0.5846150268884739,2
-1.858591932370321,0.24473572700123558,1.7822948712366176,-2.53462989365852,-1.4515510212715146,0.9309595831726378,-1.4353559159910807,-1.2143686843547297,2
-2.3555848194659417,-0.6182188835999383,2.125711075226661,0.044711998420096766,0.9260902188998662,1.3857217036255374,-0.4147023867269672,1.497126598489035,0
1.2328455776542597,3.7310281636891185,-0.3780536679936878,2.9753672698641034,-1.1723252837244977,-0.38357317624064236,-0.7848762463576265,1.9961453191697234,2
1.0068423678162586,1.3520077516252174,0.47477788762175954,-0.6146340221121785,-2.7333256880309027,-0.06149923976782734,-0.40797147810125295,-1.7030979512738966,0
2.48687069247627,2.902685090078301,-3.0843854628087635,-0.18745640917557427,-0.4474405439390507,0.5085240157070143,0.35502561793492887,2.006595251105741,0
0.513161970456475,2.5158957277827905,-0.6214878268544708,0.8484310423678566,-0.3320179785032741,0.7116502437486227,0.4986048184872299,2.22492559370042,2
0.06353616437004594,0.63268067088769,2.012148255751342,-0.23628455686589855,-2.8515925208446964,0.10422520479792086,0.46245398612712674,-2.057501064899351,0
1.8460159031055907,1.27608626670358,-0.938441870668663,0.36925371467012735,-0.9659283239842968,0.7223054544469554,0.6772085213501834,0.8621441088551522,0
-0.9825220721549153,-2.1255660551035964,1.6381410122505744,-1.4583646727094925,-0.46542286010312767,0.4177101707193018,-0.349851743778128,-1.8887785052403148,2
1.3729373783899876,2.170101855254195,-3.29936611870307,1.47526545774224,2.0929584382935182,-0.16108599632257414,-0.17168507736928265,3.594775533729248,1
0.9903889848788985,0.5596866827373506,0.3493078296506817,0.7051611140578344,-1.0768881162492965,0.5080921578734865,1.3573404667461748,0.16816012850482862,0
-0.93253446256348,-0.9046081471857884,3.8031134048475956,1.7800433080697178,-1.2623335174780697,1.401797643147526,-0.6744143144101269,0.09014594049734097,0
-0.5396834337486793,-1.5664050373500604,1.3011113127038858,-1.2943314299015962,-1.197987363548866,-0.6581188792704796,-0.9068077260268592,-3.0564363323495103,2
2.7154876178571574,-2.4193433282326517,-0.08491951114399826,-0.5638238414969029,-0.433453900715031,3.0512472321513644,-0.35476852115876384,0.8843112680784506,3
1.4236792193553898,0.6798288794448986,-3.382690516942478,0.6901609597813604,1.8461812026729572,-1.567054093913315,-0.38259338288737815,0.9461021107507863,1
0.44718017802490495,1.9346423783821032,-6.479545720312423,-1.7486689436590437,3.7392623482063687,-2.7975894726831196,-1.904935777417886,1.4217034216308078,1
2.5067585614393075,1.9020010432573735,-6.365930738401923,-0.979534627020073,2.8249490010020994,-0.8227732374925918,0.7707688064351387,2.7802391121771386,1
-0.13090364902652063,-0.31103951174108635,2.2666500936044094,0.31458808038191766,-2.3254879363503433,-0.42719950804388473,0.5979310342286075,-2.506481596550548,0
-0.35741347022410164,2.289098727500742,1.024415404976385,0.9609114869162779,-1.2116617164552674,0.5801573347452271,1.0224482728559243,1.171190292974845,2
0.38865037280637627,1.2869994359473151,1.3506764073270552,0.19986601334700616,-2.3579933835327527,0.4341756012982057,-0.15703669059262965,-0.7627039705978964,0
0.34812837520928397,-0.7421595350335856,1.7167035189476054,0.9564753118132776,-1.3036557686024304,0.14178170718133698,0.6545057527231394,-1.1380211008890513,0
-0.47936910035901636,0.3443731296173095,-0.36159500039341047,-2.4864543545488815,-0.4548518862687509,0.8214696713634002,0.3136403674078202,-0.26500344127322684,1
-2.387026493905027,0.857621584977173,3.278000348194942,2.3636292652689606,-0.39738693894412647,-0.12710685598548277,0.39015394001345316,0.6398713862561518,3
0.4924998007591167,0.8782264177676811,-6.120096198834257,-2.7226320096844985,3.6307589691113167,-1.8966515732488574,-0.7298695864625924,1.173885387211984,1
2.6332253301547293,-0.015731065157895796,-0.8047152546165963,1.8211161890377117,-0.9392966076077722,-0.6642239243730111,-1.1252648898076598,-0.6453128862813917,3
1.3527969550390344,1.0514451340538826,0.7119473211205671,0.18350425888952093,-2.321305484662663,0.8361822274522995,-0.23610401091920757,-0.4484174219398906,0
-1.652968066869567,-1.9745797573398947,3.5264388838859078,-0.073016341493094,-0.934784828086971,1.0115408327441004,0.4532545012857709,-1.2826352334258404,3
0.5359007940064637,2.735051854239518,-2.1513660834061357,1.0296279955653909,0.8751070383049451,-0.5450292258242135,-0.33394559630536247,2.3403112246238416,1
-0.4683447144628633,-2.06377082170996,2.4259665872153686,2.5942353659720707,0.6103417840119251,0.5221865399692949,0.5924779841207163,0.4967439644935716,0
-0.5254867266978928,0.7503116212007743,1.1053556756712133,1.0419100074092411,-1.0072871814133704,-1.1662632082366409,0.6012579620436355,-1.1647393836354887,1
3.149124037959596,0.9647033271542865,0.28019259935845653,2.276794433192382,-2.1208780296893166,1.3265057778025078,-0.06771719735270462,0.9098632971565302,1
-0.051358779796528364,3.972737428230291,-0.7364942916150806,0.6951040073253473,0.4099062582241956,2.801297429710234,-0.6483003273443845,5.560629337528972,2
-1.1172510324896527,-0.186100995366685,2.7900745632312303,1.344210157751625,-1.4416708459631593,-0.6559238229342107,-0.09441826213604765,-1.6166841450203118,3
-1.4711301510347765,2.5789746710511467,1.1633985283793415,-0.7265028078985067,-0.8219862942882598,1.9682778944227302,-0.37827654457740845,2.31801198513615,2
1.124927988524658,1.720567918450718,-0.19749455322978526,1.4964906432442975,-0.21772013008960667,1.6574639708660568,-0.3488031548729745,2.929017238114638,0
1.9633312066938289,2.598305683515294,-1.8586498723854525,-0.12696808361358058,-1.1612085324495929,0.43780965380400155,0.35953594351786894,1.1131105815760447,0
-0.42524582413926093,-0.42096089465487735,2.164530970981217,0.9952196748657588,-1.6564429226493658,-0.9720843668418503,-0.11079147568777581,-2.2906880492105492,3
2.0127057981616043,0.047935911670964115,-2.6359632427189488,1.9945807238400959,1.8419745393344655,-0.8176431574444727,0.44162864841891597,1.678455738474911,1
0.9475850169102267,0.5605862576206289,-2.277135284437976,0.31039110092598265,1.6535571432978124,0.21625549695202506,1.1116221515087088,2.1490088699903978,1
1.1579966401152912,0.8689823268211945,-0.655928027301866,1.6999132799370678,0.4845346858801679,0.7727397418179895,1.1131782933007082,2.2808116840619657,0
0.9948767374771972,2.6604817071896103,-0.6489905822299119,0.7120505936153695,-0.8802753384105776,0.8989321603780316,0.7600229424410341,2.0008142823132005,0
-0.518062885401986,-0.7002592191750313,3.8907358108645704,1.6548329256114538,-2.5192350268351675,0.1608730051070908,0.005635830296852785,-1.9954162003560234,3
1.3759637054970344,-0.08227352229201357,-0.5289281638193704,1.105792330782497,0.06301457141569233,0.3266866594450899,-0.869432748036864,0.7509035963990541,0
0.7787083000404355,0.774784602105953,0.2979911546520436,-0.6162033906054348,-2.2424909374089106,-0.6661089437152733,-1.6111694631742197,-2.1971670473698666,1
1.727764703262407,1.935869923182631,-4.619533477174061,-0.11868796015471761,1.6852919469856202,-1.811700526909497,0.23053712782830446,1.1369465001394108,1
0.887065326344014,1.8744299484558973,-4.481859617491086,-0.8375405215946657,2.4377055486304315,-0.7618478097595438,-2.33817245369327,2.4029640650511963,1
-0.48441096657465843,-0.603196345272495,2.3764069339130125,1.8000842949464295,-0.5747347817382983,0.572983844324806,-0.6899159780289247,0.17135530258698264,0
-0.3088287603093064,-1.650473602393139,3.308576027975554,0.7810576226076142,-1.8689585755307743,0.6635377419018798,0.3028832767193024,-1.831742880323189,3
0.2792890227421042,-0.33666374051579673,-0.5907362321988084,-2.180093969050495,-1.3536420078040048,-1.343028638080379,1.357461365683299,-3.257643875546302,2
-0.3126307985439495,2.4597956468986286,0.17800060765546677,1.2353406592685756,-0.7496668486966175,-0.7008948951307561,0.13999374263643455,0.6188231868092304,1
0.5426869899382887,0.4408897258442277,0.9136721760912039,1.1315572564167657,-0.7279054108666732,1.0017213715941486,-0.784496072389535,0.9407346941119666,0
-0.7722041262578206,-1.9816095551834296,3.019749358581026,2.554913895481346,0.22548708134686513,0.6621089058800802,0.02479863462860666,0.3038487166282303,0
3.1594943818844814,4.412251968924117,-4.219543873339612,-0.0902703411031881,-0.15385727765452684,1.4856703011584824,-0.26935210472675786,4.160853414802215,0
1.3126907161237185,-0.2915496562661811,-0.12110762781920292,2.830745257580861,0.36147259925260944,-0.7697452184702109,1.772606668314208,0.43557192864020067,1
2.2407910482457725,2.3802626754769003,-2.496692120177102,0.9668391257689692,0.6146890302883018,1.6474057112237792,-0.5828867213760348,3.9712789384571887,0
1.2685306339252809,3.1044841918848216,-0.27650022311929134,3.2223832462749167,-0.7844199242770423,-0.2647711499390477,0.04886918330515309,2.12996599772576,1
4.28115103716019,3.8196855971229042,-5.429481230795177,-1.2127336729738887,-0.7682126756049391,0.3649945943056415,0.07541774261246036,1.9834580953930767,0
0.18856436747841088,0.3406641722749173,2.0118779154390163,1.3205100265852967,-1.2603116018066414,1.4822842784072137,1.6670127053570707,0.8801725533622996,0
0.9311586183678743,0.9076829843444189,-3.763972208792557,1.0286691112869761,3.041860828407563,-1.209495110364273,-0.14894729489972075,2.5162905528350326,1
-0.7664227399673379,0.18664040724143394,1.3893405389196813,-1.6071738765609629,-2.52840880061587,-1.4002411358678386,0.25695743818394445,-3.901530802240474,2
-1.2808493328224775,-0.2632746767246411,1.2999536585682505,-1.74804064596423,-0.4935668500168933,1.4671468908863492,-1.0986549631220837,0.07457211516659469,2
-2.192992841786753,-2.227429184343494,5.564638622997929,1.9476617751723442,-1.512110965965121,0.6579030767944004,0.33653838187097995,-1.6615596334020604,0
-0.8770702358139216,-0.9834179407317337,3.5618930698383875,1.8746583364595812,-1.2104597729949602,0.77225479777298,-0.11687312836621294,-0.44486547769955287,0
1.8749864075505847,3.3281641904808947,-2.0308569000949857,-0.7006745560295421,-1.6036785723019427,0.47379360582547714,0.38547307045695217,1.0279986752220664,0
2.5222015565024294,3.3383406323761786,-1.9115036233478908,-0.9118386179785739,-2.397108524385529,0.8248061583002889,-0.6262245956364498,0.643288851531269,0
0.7256721555013455,-0.15961591261836994,1.2618779493343846,1.2586452740869132,-1.0802421120656331,0.6310183243405652,0.38934239421973693,-0.017828685066499126,0
0.8327875391509697,0.7272616249193498,0.16447356411997058,1.3043878137815925,-0.3481937700811877,0.6677416189631775,-2.4241506170373057,1.2256807530026865,0
1.4370619054247498,0.16873120472662062,0.28488209255092634,0.816792341921881,-1.0121197628737857,0.9046412739981718,-0.7650623329109258,0.40609918375160303,0
1.489974191131918,3.2832194187883776,-0.06923051901443573,-1.896367920031396,-4.316511687740928,0.2193197794917,1.8534107978998284,-1.9904012997116618,0
1.4390642826891178,-0.4088056313052254,0.036804210739066257,2.6975128277460487,-0.008032647877588395,-0.851686484207784,0.7295193509862021,-0.06422753922202576,1
-0.05584799076704838,1.1265170186144373,0.7584999358685582,2.0521916241984615,-0.7177040802770552,-1.2848828947973883,-1.181286806672826,-0.43052859673589555,1
-1.3551417597863809,-0.20393266072028837,1.4194296863151952,-1.9377509016989696,-0.990127016072882,0.8102161530756107,-0.11908614349605882,-0.9747510259872729,2
0.7031492574813893,-0.22233915457272302,3.3340158098370027,3.520487686743051,-2.2056093957849434,0.23213843462720296,0.6473326855134786,-0.6790226317518782,1
0.898946572689949,2.200984462575369,-6.813452448253039,-2.3625263153396694,3.5600866566366096,-1.8182112065060865,-0.3832148369586158,2.151677540556056,1
-0.5282858821844221,0.3246272507189254,0.6400615510320498,-1.3090283555182638,-1.2266356855193898,-0.09503616821105743,-0.5666319246194422,-1.40168211452277,2
-0.3661463024846293,0.47758371247417297,1.6894118415425234,2.469492147675607,0.49572427178685363,1.8690614834912576,-0.07158347160249723,3.157653959909201,0
-0.28647891506826084,-1.1695837153577866,2.4076757084327385,2.7226389954187384,0.5683250834882773,1.741395900382263,-0.25056036861869124,2.166056000765642,2
-2.702447250810311,-0.5675630478985614,3.6785062867101623,1.753686780609664,-0.8735580562071976,-1.8069505531546577,-1.8719709055230525,-2.3857943187212007,3
-1.219729168394221,-0.40611511925705146,2.0374385846557557,-1.099105025629493,-1.6951010229324766,-0.28498854829227815,1.2277999878516854,-2.4204435915531626,2
0.12208403892359143,1.2932915273256809,0.20287659241676026,-0.14977677989850868,-1.394411720881314,-0.5547411172238922,-0.14162098301052742,-0.9407404684547723,2
-1.4188697202122666,-0.012012435716270198,0.9868306062265311,-1.9868268782696705,0.03669980148071206,2.1747251002072576,0.8952052350186248,1.240551088505676,2
-0.5404479408097438,0.9433103487108558,0.46925013254050707,-0.7517467875870736,-0.5206769072344959,1.0196494264226668,-0.0353900781738251,0.7721726040865512,2
-1.521806477164596,2.4345602687524766,1.0820684489077865,-1.3055238065945807,-1.0033157415959635,1.8589549516088437,0.7077148828661287,1.785743233505316,2
1.1342953907800908,0.7457264017985606,-1.3861238147647463,2.1486328660704634,0.9416642310007554,-0.9867676580058954,-0.26432148874017936,1.1614932499055401,1
2.5255774701401923,3.4023445903542373,-2.849780293045229,-0.17171646184042533,-0.9663838295420877,0.6340435982661842,-1.167651782116426,1.9879593905112518,0
-1.7929203888366818,1.2977848952755786,1.46361995063384,-1.3690203148515665,-0.09113363779508055,3.015368270764937,1.8090667486444099,2.866689678937116,2
1.1844593548541462,1.1313190073736186,-3.240207517799347,1.1860361448585617,1.9819716957507643,-1.5894228716926946,-1.3716446439538834,1.4635552992977046,1
-0.1343454382461552,-1.3016666711584737,2.6108116815922395,1.4087349757505028,0.03025130817918964,3.124910885661332,0.7033130614575919,2.4550474514581273,3
-1.8238587573934404,1.5099801303896974,-5.2769252196726475,-1.2425262395926104,5.137448459998311,-3.0197781171532667,-0.21768565950112867,2.1581950599071313,1
0.6917810561028332,1.8452810967420645,-1.376807035924221,1.5024048157821297,0.42392162388617,-0.9183996696199779,-0.7848299034326328,1.2204904704764592,0
-0.8274542524972193,2.049848572426832,1.3225948697190677,-0.2422059664628342,-1.9261342410363618,0.03320850278032783,-0.8306215805446449,-0.5048878749981428,2
0.83151254227783,1.858036438819123,-2.9874823012937766,0.8900478482513651,1.591910950852494,-1.3244036924195377,0.122732161638273,1.695116440625079,1
-2.158938909969862,-1.72741700845563,4.280047586948828,2.5829976131485752,-0.01258104577888719,0.46217090160270796,0.8157651649899932,-0.020781858101988803,0
-0.70097642675921,-0.4752967467683128,0.9655933710992584,-1.9347612851883031,-1.534264250727606,-0.44438198969222664,0.292951833518835,-2.691423532910157,2
-0.9327015491079822,0.5214805341332557,0.939384288614032,1.251116839897883,0.14978420553700944,-0.49963321495392987,0.5345436134561904,0.33052468102929716,3
-0.6950753505308064,2.73200763411355,-0.44025702154743596,0.6487977296954434,-0.21693142449470104,-0.867635973950574,0.26723195084876283,0.8867314345990202,1
-1.1546024074116765,0.5959300031274356,1.1174316940726166,-1.5653904131875018,-1.0469340088015582,0.8108867946678356,-1.1775186159066409,-0.39228319968283365,2
0.5723104332949464,-0.11001424988508046,3.6257296516964033,3.508380748116966,-1.4114708331592571,2.6933099830206046,-0.5122951462609718,2.275613615717278,3
-0.33263984544250647,1.9917052141485945,-1.4152508523760727,-0.19272056652855285,0.4198999902694877,-0.869957783806657,-0.8395392371006696,0.7380984675333968,1
1.8252464185255222,0.4261215940328884,-0.7799301624031802,1.480351497107264,-0.3754550744952737,-0.18850843411545304,0.5674887211299786,0.3771266081190568,1
-2.0248637360924246,1.6677100093223436,2.266881474612608,-0.7993994812120034,-1.0907257363134384,1.9584163573574833,0.16548939312256028,1.442975268540291,2
0.038001367162247335,0.41846112579180483,0.07540694881187134,1.1513307539275808,0.14068142376288095,-0.5082409658903485,0.4805186781082244,0.2932085830305609,3
1.1126671952545717,-0.7250750620605284,1.5776383736472923,1.3920817529334637,-1.389777664322951,0.7939649044858901,-0.5528959336937127,-0.4208529011840148,3
-0.03980171469502458,-0.7885022850590054,3.1254127346141525,1.3544818264575402,-1.8519322259476163,1.1071641668050576,1.441805329015908,-0.6801670560792114,0
1.1981841595238372,1.9890359575569971,-3.3049113391243794,-0.2837337583978773,0.9694127129693031,-0.8944287760721209,-1.4619937798268778,1.2794463696875444,1
-0.23823034190924208,0.41440551409591714,1.9858808297787307,1.117376352576837,-1.3179126065545506,0.6423951208046301,0.8588947966598731,0.025528784725106994,0
1.0157995908878128,0.5694799009113566,-0.02822103441427861,1.3183704692447278,-0.3279096724811815,0.417412710128533,-0.2280280297848792,0.9386812781476748,0
1.4656996659946215,0.9683006359920033,-0.4058339743853668,-0.4763250390792583,-1.8052682341735473,0.1342863001719764,-1.6047549879109688,-0.882096869916051,0
-1.5835211256975161,1.4034819143618336,1.9050161885235397,-1.1158643995226862,-1.6336538549292237,0.9113378727422192,-1.7181374903760358,-0.1990783733327851,2
1.7212718235371405,2.9200430918932887,-0.6602089440025758,-2.073811735325536,-4.158034389016135,-0.6488800499220152,-2.329441651122576,-2.896766197278141,0
0.8851826972873529,0.5327025700703136,-1.1367784931919365,1.006789676578838,0.28252377147966146,-1.064368135517252,-0.00480518632728754,0.007262874235545385,1
2.47666449221819,3.08531899032007,-2.5075523415044234,-0.6345302249106494,-1.5034578594645645,0.4645296364292738,-3.0711509878990277,1.022173822275713,0
-0.6337875906914539,-0.865151029958639,0.31979492204749044,-2.690083566039916,-0.9904986667101231,-0.16898476951336516,1.013445759883764,-2.44854403877254,2
-1.2240329891396065,0.34886016497370675,1.7830117388051963,1.3365417283964307,-0.7991048420394239,-1.4562455287191018,0.8624022887588952,-1.4545673760865663,1
-0.4387952894560977,-0.2859122462336908,2.6444584733446055,1.6330993817183512,-0.9503889858917149,1.1697625787795949,0.6668723450757911,0.5292936240708923,0
0.11221318703067806,0.05770059451015075,1.8345845929995606,1.2506475561692856,-1.1213272075551337,0.891526137794754,-0.5242827429098788,0.2664091549764576,0
-0.03757644621157352,-0.8942521236184279,2.0980223853347995,1.1357145849889716,-1.152587537000601,0.1472462312436802,0.1693750512716112,-1.069507637145759,0
-0.2805073104261435,1.3493479200481318,0.3921442172082393,-0.9799691054059505,-1.6855122025679838,-0.4218080666812597,0.6660345733898599,-1.3321493861261446,2
0.33255694887973,-0.844248300086455,1.0111884594918585,2.6505640356277804,1.1781526847663293,1.3843383174499846,-0.5536951531354725,2.6020283748660065,0
-1.049751470998235,0.7089226967693268,1.5146978095018542,-1.0874554917367523,-1.8331129721019366,-0.2287118621315697,-0.6781524611975589,-1.7785020559692994,2
0.9041737246043559,-0.17344443515540686,0.484595917206577,2.048308024812205,0.45672383688115337,1.3685205144487578,2.5511742525026477,2.23277653641811,3
0.5200382869459061,1.3022257562737325,0.21917496480810053,1.3506403661975401,-0.1475102945561224,1.181030081121705,1.1985326271211874,2.2095352447205596,0
-1.31657363222133,-0.4385771304965639,1.5067674391880381,-2.066698494550549,-1.174752746439153,0.6030554157760171,-1.6522992883621435,-1.5049234127750843,2
-0.3650822723081325,0.4321508792853052,2.7757933435134627,1.266613827554107,-1.6764569115231605,1.442768776565256,1.0909666745194195,0.4812156511510735,0
0.4306128886978108,-0.1827795541021794,-0.06230220690476802,-0.1392116767849354,-0.5213617650837991,-0.3702438746596043,0.09636924005999573,-0.9099056366920014,2
0.7311490860052946,1.5039035515789405,-7.897457226327197,-2.0056285772886127,5.342018671350472,-2.3991703184190647,0.9480843874360897,2.8427710387863243,1
0.09582771343258367,1.9847696842311695,-3.0820282356773303,0.4099774840517515,2.042459193361903,-1.451419945663246,0.45108821250556624,1.8434166066190296,1
0.9341846097320705,0.6760324748281255,-1.4732503469323788,2.3760950066818625,1.155940077470429,-1.616944558493604,-0.6852505475370957,0.7950478442415562,1
3.586216082797946,5.141803196764483,-4.3229457646578915,-1.042601033444707,-1.4358713789735957,1.5412976314518954,0.11965930451893353,3.2840643637442533,0
0.5299395020881096,1.9186875539738937,-7.524981133873307,-0.8528747328247249,5.585693349562584,-2.4497309787256136,-0.6681359300316102,3.6161107371880012,1
-0.5995026344627468,3.5473548785106908,1.038614941538424,0.6319427203112585,-2.0609530730205146,0.11912727662383693,1.5723062561857772,0.6815668645073057,2
2.4106588634435733,3.37186798970925,-2.260817736765257,-0.9340646959684441,-2.2531274811149338,0.0256060996685743,-2.5467321117621853,0.056286918491744165,0
0.24093489542039848,-2.454183351261398,1.5493671598946828,3.3489755516452844,1.9281133190950088,1.3358098704907961,1.5873276541102177,2.4202482358998103,0
1.2541600237312365,2.1113436415397455,-3.949661149210207,1.2537769481387757,2.571064454276488,-0.8450168761402088,-0.11101346213176125,3.280293371494877,1
0.8890356940709909,-0.9873114664135173,0.7849437513372028,1.838605865749594,-0.22531792200221246,-0.14893021824853125,0.3373630663468662,-0.29569839935594294,1
-1.0484360632506253,-0.598679260746999,3.6176236385221547,2.615734755586159,-0.511606772989485,1.544167328088583,0.4462018362894799,1.315345676432553,0
0.7081324092826031,2.0731386962299467,0.4772055274779578,-0.2877168889984677,-2.284381236020957,0.698279430142288,0.7353411541977961,-0.10170738228786684,0
0.3924718666904906,0.2646163386424506,0.056877070192189884,2.2412139771596995,0.5037856192053259,-0.6248212584127314,2.3517718389720548,0.7792513694884342,0
0.6142578197301513,-0.9071255173891172,0.10506260378555078,2.9275925822203197,1.2771813644071364,-0.6235539897763978,0.05658018930545408,0.9555683162324852,1
-1.4098362155684554,-1.8178527848258628,5.394586822285671,0.48406854838183067,-3.472092427188237,0.15446925765213115,0.6119926319144883,-3.962326695588739,0
1.0513024627735206,2.2282757130980513,-4.853141812237799,-0.1110797619856011,2.526250518909147,-1.7613970329911757,0.07305819214956248,2.0450829577265472,1
-1.1097235141888304,-1.8685826846983846,3.8149118579291508,1.528307316125305,-1.0877446609290446,0.571799168367596,0.3609860825370817,-1.1968133450810792,0
0.19133384387656105,-1.4974474170942011,2.0773367026540774,1.3935844323024558,-0.6734517857274867,0.6233993368545463,1.5538005010876805,-0.5030361673353274,0
-0.7804948580785155,3.3593844444262158,0.47154473223087384,0.4879491563421571,-0.013784330032025172,2.859169211078044,-0.4267063677307888,4.74167444756224,2
1.1795459186924924,3.012322364677022,-2.1096000326256488,0.5245174536911689,0.5313740264049959,1.3804137530993805,-0.8429055643243101,3.8323984295007016,2
-0.46658097432128637,4.382859724777089,1.0057926223248366,1.7946872904346987,-1.481473023104428,1.0630088761720204,-1.6516095967182838,2.9297115911925258,2
2.223274925376266,0.5591277853608193,-1.6123117085096867,1.5707598433121572,1.7424557651413153e-05,-0.5710837538334592,0.0945076530473908,0.5014294500516504,1
-1.350538340170452,0.12304491156230613,4.405927244567977,3.173147223484408,-1.7613764661461098,0.1580181681388162,-0.7026577451166509,-0.4110794165677338,3
0.23679941951281558,1.0857119195284797,0.5914304662828767,0.9997279098928517,-0.46742551526566745,0.9985699648569083,-0.7348037072103585,1.5007337345918135,0
1.4100014184762593,1.063341122291708,-0.9491838119472821,2.2732844291744314,0.4318031012484217,-0.11315990614424076,2.0026827664085918,1.7612839885421048,1
-0.13180780249476054,1.4643865567991123,-0.7469912298527489,-1.5551393359781218,-0.244316568238376,1.1653296493721919,1.0823538731623088,1.2447903800508215,2
0.0028770025175546277,0.5400165705704143,0.03052908930692749,-0.243385769519598,-0.08735979214633438,0.9087567496425711,-1.0253338905324527,0.9995760878622276,2
3.556256642217237,3.890997733896826,-4.920302706837661,-0.5748885776103411,-0.1972338184849357,0.49465745879049383,0.5287746783588859,2.786138683459478,0
4.393121549153288,5.508411850136866,-5.637582012569258,-1.3535837870522136,-1.4171134252154,0.8824088981528653,-0.9920435607771338,2.900594423395654,0
0.7402842891611902,1.3280302419716108,-0.2633057029159862,1.4119356279427469,-0.21109531504246426,0.20861769771340855,-1.1227366253686797,1.3337499755994142,0
1.048604936728813,1.2788929135455829,-2.8455188355051453,0.36482944258105143,1.2689052659029603,-1.1397974460863893,-0.5908281109074761,1.0702934493948668,1
-1.2082542945041757,4.236028233919973,0.90627114627752,0.2480526230536887,-0.911218826821598,2.370149334770664,-1.3905948609320575,3.961399988841689,2
1.909069865059208,-0.7317295965786195,1.7017365830486242,1.7578602017567722,-1.7389256111718847,1.6927237668845492,-0.13552626897887088,0.25489589138240376,3
-1.9332107123881097,-1.9387068805412335,1.9398744994196218,-3.1933992820328583,-0.7016199842127152,1.1280541659236762,-0.1586511834690122,-1.9604009342761428,2
1.5116318277257639,1.4565454999516527,-0.31194478585103314,1.0488463324245418,-0.7348540039799518,1.3921409517333856,-0.2520759659099736,1.9655663568170652,0
-0.5839173817816422,-0.4116896652290164,2.1085993629320114,1.6879665549276022,-0.30647439696678436,0.6339178836068247,-1.0931075606001217,0.5352073242669638,0
-0.9226056486214256,0.14310614876445893,0.5683923450701781,-1.9653658901056157,-0.625903277762579,0.8697141006037108,-0.40375536717902655,-0.36474116748689,2
-0.09656072764640211,-0.044711317191845956,2.2812316305416087,2.097429309861553,-0.5671062456214835,1.5321168697217233,-0.1707466394983074,1.5102768015825019,0
1.7656733226865229,2.8191616936310715,-1.6484498001879166,0.5264588164939068,-0.5395924006977304,1.3048765952736867,0.5102763111691205,2.7599030625194256,0
0.6722105235324919,6.9897059243264925,-1.5911305496424548,1.9989777091585599,-0.6039660938517368,1.788397802600067,0.1343281002678751,6.117787491072976,2
0.4086505118302988,2.1111350471677763,-5.526326851427009,-2.05713085986637,2.6065557809086446,-2.280993015887898,1.4237540753072795,0.9116888101175967,1
-1.0916985577521736,-0.5835403711150557,1.9728593952276245,0.6134647121711727,-0.051481171216608446,0.9681122369771357,-0.7313246069486086,0.5713242826726947,3
-0.23683675004552196,-1.889544416779323,2.8399496012570418,0.9223388235192823,-0.79314586523757,1.5589131911585594,-0.07541318090619945,-0.19299978513053415,3
0.6607773767523322,0.640655194756083,-1.015262459712841,1.1606646806984549,0.83384620917106,-0.08743351848200875,0.31980971023991756,1.4614721764199103,1
-4.111895363534622,-2.4870415194277373,6.791276359645745,-0.08165058251123847,-1.1254366384428314,2.8420321462796485,-0.7238037443516702,-0.31454927675456756,3
0.04064253340796409,0.1472195081864015,1.2780346662665643,0.9659748636554465,-1.3629118518998493,-0.8133349224638967,0.6034780416679837,-1.5131737032544395,3
-0.9533422403460444,-0.3212317638161041,3.4441456054284174,0.6567530535788768,-2.236268138772269,0.47490541543266945,-0.012413219525594604,-1.5802842942293518,0
0.6877654040308582,-1.8000183833919134,2.0229959936671826,0.8779855148453887,-1.3392569566151074,0.4878814622784991,0.6450378554489973,-1.5161470175883076,0
1.243668320947985,-0.11092209192397473,2.181045434307578,3.6953847986522264,-1.6648045956777136,-0.4376444728960351,-0.37656662149101106,-0.6448873185679121,1
-0.38071017911067784,2.804243766255792,0.15152575112589126,0.16059280265777665,-0.6411287702609823,1.2833992774461125,1.791670710523534,2.3639706864661423,2
-0.9669494886727463,-2.1996833303258616,1.5410015263362395,-2.7481216358801577,-1.8416056876513003,-1.22831361608227,0.27835816644536276,-5.013252396052866,2
-1.5932991884199748,2.0309726309134373,0.811748346573486,-1.0327136893023294,0.6351377497243814,3.8494233021958864,-0.8208600201629043,4.823957849815555,2
-1.5037630616881956,-1.0504461795188713,2.1489767967576414,-1.9124673769017706,-1.5128649576977682,0.1176270026869981,-1.8688030582824706,-2.5808412933119107,2
0.09915815472990841,0.2579681433917369,-2.43348310767488,0.8998170961100764,2.663136578673395,-1.1220254949704984,-1.3896296708555453,1.757178168431744,1
-1.3177542155417732,-0.12608600727185693,1.3739152653902054,-1.2300037110277537,-0.13174819883501232,1.8422098724702545,0.09427929361427935,0.9715972508296287,2
0.7621659344616056,1.7377797761106446,-2.8311666792426786,-0.0014405275295541475,0.8853881379390857,-1.5744825061404388,-1.6563805271410255,0.49552217666527426,1
-0.2502039886995667,-0.12555384876744158,2.256609187508351,0.8666684786680077,-1.7829894537301048,-0.046276720740163535,0.25442645742672076,-1.4127967304512716,0
1.5164594705006924,2.5385165573159925,-1.1358208724832657,-0.3449144064627033,-1.7646835880001044,0.15696380224867612,0.04177365736491215,0.19700835446888534,0
0.08500170842069854,0.9420680767488018,0.24729580260574896,-0.0786783155862214,-0.9686266024776126,-0.08093961328604504,-0.5793538328376587,-0.34501118920556434,2
0.03904015997969601,2.0478584192731075,-4.314201586680162,-0.9844312972296364,2.025802924392021,-2.8617694313755475,-1.3844231543584364,0.15753187096638316,1
0.2757213462149327,0.7650749771843455,-4.65467334223827,-1.5275299417148402,3.0396637023475774,-1.692910395695976,-0.16898649815484174,1.134169167140284,1
-1.325532013883839,-1.4830856983445382,4.18413771630402,1.1583413368754192,-1.5095616215457293,1.0847980512730064,1.5383304390525525,-0.9957077527041264,3
2.486833746024517,0.41330257609505167,-2.556626228482094,2.368163768432697,1.8079217723992915,0.3705078347119156,0.5631984034673122,3.0971192726049313,1
-0.4321905907197071,-1.5670688138730502,2.6186822672849503,2.36526968224132,0.15237026938637677,1.0163223832104669,-1.4566814413240818,0.7825591731326454,0
-0.9348859923804402,2.727505239832308,0.8007210633315537,-0.3734689050089629,-0.9599787945623804,1.6364896835233154,-0.9462756317300305,2.1453507085805366,2
-0.203556888569844,0.197187935365554,0.44987365135168034,-0.43421293309878084,-0.4133639284478542,0.635707851897917,1.7707056507337993,0.1819193960170476,2
0.6540792199710921,1.9465956600947059,1.4369326079766276,-0.9029237146220858,-3.8224705973951436,0.32107748453091045,0.2888649470196864,-2.052732274867564,0
2.359745695314027,-0.5217602538598592,-0.20227314321668383,3.7873657623471684,0.39608179222016404,-0.062308132987497156,-1.6985697106229332,1.339217389440057,1
-0.327107851654162,0.763609554026653,-3.0908017541319692,0.34148886412875634,2.9626413023572034,-1.7860852543014099,0.15121834399513978,1.5272255937414727,1
0.029974465293202135,1.376273129382461,1.8549853842367483,-0.9418798853057025,-3.5213137412086155,-0.007018501741920424,-0.40091519354412697,-2.500962314561441,0
-0.8624496360894317,-2.2502699894547122,2.940612868727352,-0.7317036965819258,-0.3513969732190627,3.2717999377692877,-0.7144960913030979,0.9330048046191998,3
0.18762707852738647,2.0252745272533197,-0.41158674693219316,-1.0405439668154883,-1.9239764544978968,-1.0838777421253831,1.0994870253330813,-1.695801094968103,2
-1.320798636750427,0.5988953782094504,1.9989060982340356,0.1801909796996496,-0.3148352316181602,1.9769252475588162,1.1903520289564116,1.8304457420760072,2
0.8666178090486458,0.771439608625775,-1.7053460518192034,0.43728172767707046,0.5707549821435927,-0.8585157955564776,-0.6211380888123978,0.4096297587903493,1
-0.8003746926091351,0.4076827366478973,1.021468958320156,-2.0240348353192252,-2.3026433110754017,-1.07660607165576,0.7030651467411015,-3.4116433325796374,3
2.306473518629364,0.7263348652348935,-1.4706947346041215,2.411891375024386,0.26962109534594625,-0.36510461405766836,-0.32010047635008365,1.296561337303634,1
0.20341796984920613,-0.22211255963608345,1.2962752765087746,1.685419456546031,-0.05808031675583569,1.1457266253876075,-0.18018083137286922,1.387536607619274,3
0.07222749543491014,0.3407205594394167,1.679062705483718,-0.22462543587274586,-2.5469185616740617,-0.4474530259929369,1.2079940398603866,-2.465725362512695,0
1.5853622132887377,1.0018232446093456,-3.2728140854867513,1.844492050794761,2.2050623801992426,-1.3081465428491694,0.07486130625002908,2.067585729449295,1
1.3417408086855214,1.3419933699334314,-0.6314126829819336,0.5599136804876162,-0.9950331673496738,0.08444258376668679,-0.03255022308771416,0.3271837271033993,1
-0.867022152317637,1.3376999698006016,-1.4171618016084515,0.7355386338196012,1.605165732239743,-1.5604387866307956,-2.173768904413992,0.9923185269556873,1
0.16307406891299114,1.7587455672698504,-0.9263168766946637,1.9531035457811803,0.8492099031480213,-0.7427632223603395,-0.2637350376313479,1.79547691563417,1
-0.07921716261335421,3.4283481096280592,-4.356835960346599,0.37339968016549063,2.9520013125682807,-1.3442059401865507,-0.9026885938220728,3.6035427567953575,1
-1.2868236848856376,0.8229204186677783,0.4581251891348971,-2.1782420426126916,-0.1530571367480409,1.9464383638788734,-0.35127203711064553,1.3406294407977486,3
-1.8123588600776093,-2.664012794368927,4.681737975840219,2.2224719970493814,-0.7138926775736831,0.09971846794684347,-2.0796332822470394,-1.6257984319139227,0
-0.8530608337011902,-0.009613966600700685,0.8927168147411761,-1.4327321778571949,-0.8244185295829103,0.4964602498401034,-0.1428665853419799,-0.7936641634865215,2
-0.5415138915976082,1.826046409691091,-3.698008657382212,-0.43319465527094836,2.6913944826107277,-2.1227522923829194,0.03053649499535071,1.3903361718423886,1
0.829447871124582,1.947470741623846,-3.9563085582031445,0.1583455439734065,2.132496218013171,-1.5261460700958642,-0.050169267633882464,1.8077094329466443,1
-0.2772881015528422,-0.899905481314344,0.2515051021867997,-1.510127157202378,-0.25703039207436174,0.45980760603093834,0.27491271078750706,-0.869174488613312,2
-0.80012996369387,0.6102865505821031,1.17566997084831,-1.5914552126111985,-2.275706661064818,-0.9661566880732645,-1.015628254718246,-3.0262444163902344,2
0.22942105881935326,0.1708533931007149,1.6062689141871405,2.388722547683856,0.18029079150510274,2.0740414309627444,-0.11149078712511215,2.8966430537414674,0
0.8016841721105692,0.9765053383683413,0.1516142931734914,0.8865559333044839,-0.8022176398038923,0.41981404985872606,-1.030142265222829,0.629920456501945,0
-1.1586075846237665,-0.17477623191660763,1.8492899394128348,-1.1917886689731105,-1.6206661568439111,-0.05168916874982221,-0.8903770582600778,-2.026934472935123,2
0.7966617265856465,1.3670879683456019,-3.4683584145812514,1.1158454158856164,2.8469759568021815,-0.7384805845399699,-0.8028080349487572,3.0733539862695425,1
-0.732643551181625,-1.159560989135231,3.3081633042817526,2.5743551154181548,-0.2264652328234027,1.4853860020857055,-1.5224146942667398,1.1717200759714859,0
1.1093272039110604,1.5562590002767211,-7.40992141806521,-0.6281521970416407,5.1797053042280865,-2.4665189130861784,0.17380116487733835,3.138012993230721,1
-0.8943646072621313,0.3782005227328957,-1.600054499783043,1.4771441301220127,2.8847872488579926,-1.4215643376535367,-1.6195560287674053,1.8622511096357433,1
2.0529160289458748,1.2693738204227643,-1.1605511649851097,1.156991759087896,-0.608639309949346,0.3085684279846296,-0.319490070572669,1.0613714508509673,1
0.32934750036371674,0.3224052169498818,0.6513907877564736,1.8196443702728762,0.31285311570433405,1.0565223647977957,0.9572338077486858,2.020663482550247,0
-1.401424113400782,0.39767136511173684,3.260079919190353,1.9064724882903175,-2.026140459039094,-1.4980067394014416,-0.8344287335176475,-2.3602769025172807,3
0.840851678049699,0.06814879534291529,0.456699115043961,1.7944030291910233,-0.6100389955439157,-0.6549986042578286,0.8515763202461846,-0.44405651320840467,1
0.554239234040743,0.5111843482729586,0.2137124986127348,1.481517039020876,0.24760786058429474,0.9865872003668495,0.5983301738078541,1.9291821966144302,0
0.9572315256344059,-0.7652559657331438,1.369379651948892,2.8365333475234764,-0.7149967232821134,-0.6972896391377534,1.4512546569546128,-0.7541989514559199,1
0.20687595350348353,0.6969951656701965,0.9532394097517946,0.9472890397735049,-0.9037498693765289,0.48281759364613447,0.27699452042712547,0.3980549659698084,0
-1.9302592583829368,1.9266287475755761,1.8173798821701765,-1.2696840221541006,-1.0087634193448192,2.1617075205812455,-1.2369989013620628,1.7165330218389667,2
0.8523521909836821,0.7925393469023094,0.9996959412216676,0.2753603598230614,-2.039072679956597,0.6107088709466332,-1.4104272038242296,-0.5762195869329407,0
0.1495023476507894,0.8590515969631375,1.8207650117367882,-0.06093865591152692,-2.49600596917158,0.6471998977020157,0.6103736997252854,-1.058505069700262,0
1.3465813633519188,0.3028919461306506,1.065918088646612,3.6386948766870635,-0.8677617954763844,-0.7516285310972937,2.1356261011732305,0.012888217156090422,1
1.250407988347046,1.1537212744810263,-4.049527990304763,-1.273837926304732,1.464161824498619,-1.2526167613680137,-1.4435570341837254,0.5582822896782283,1
0.9983281772319919,-1.3861149447350014,-0.41857909376553554,1.1633047986001,0.5638484365052983,-0.8308241838768367,0.2598832349192977,-0.6761272009197116,1
1.9699942033275528,0.8177972572972348,-2.1685320012954223,0.9808061055651254,0.8624440269763233,0.48632363688132674,0.9149333898817024,2.1546379692254227,0
1.544886664619952,-0.5162964215257219,1.8698074223452863,3.6252882545963963,-1.2548612511924762,-0.013081008462408783,0.006964223441937532,-0.15964793292284427,1
0.10042996850470398,-0.3503446064594703,1.2182495760761465,1.4789892691031272,-0.12588442791045296,0.6691603701881264,-0.4869763001880067,0.7479782489542375,0
0.01794585037698282,1.4294207583210121,-0.6246591645962879,1.0013018081115537,0.11890487638795821,-1.0125483883676731,-0.012143411138766203,0.402484137123963,3
1.1860999336871996,3.0828298908773593,-1.0608688647544278,2.054418658631715,-0.07626113229075082,0.7097432712889504,-0.9009700184262551,3.2306665359906717,2
1.2691623935344274,1.040271702413852,-0.4824136994478016,0.5095470571029462,-2.1367882777962834,-2.6274994486826957,-0.13438106818006249,-3.3075190506981116,2
0.5263894131768718,1.8477440586040306,-4.551274795044098,-0.06409602251093305,2.769239694175082,-2.185338768447553,0.8262314899624682,1.6132679753378576,1
-1.6216911554841738,3.287228974398419,2.226454896321703,1.0217296119336785,-1.0285885188753687,2.36859264127789,-0.9458633078963248,3.479963950392742,2
2.944738156017705,2.4446719694270227,-2.7878695479693727,0.43781660199679856,-0.2938733847789078,1.2877869473132733,1.0580223881158126,2.7864746757828938,0
-2.502143213093702,-1.0690358763614112,4.122449528273464,1.2400968531478544,-0.8283078629942163,0.07892543708520228,2.5416198467187923,-1.1131425101754657,3
-0.1579276232437542,1.5279101335558836,-0.23541447359512913,-0.4202870517392982,0.0010595638870183333,1.4985874769992373,0.5593373245276719,2.152998013987988,2
0.6110098589758739,0.10177908955484605,0.7677154610251313,2.08763015972448,0.2577122529767212,1.2562486257057954,-0.28372750445327777,2.120764194009905,0
1.074583833145179,0.9156021706574174,-0.6756076339454069,1.5087355409192134,0.47907971268478355,0.8397118265478909,-0.8124651836820451,2.298477690050566,0
-0.526164985908265,2.47983087142595,-4.396748107944114,-2.0769831886704817,2.2389991241918046,-1.8398469442670171,-0.2110686698851943,1.1407185231779546,1
-0.28768693927547584,-0.006320219613156652,3.4923157996856204,1.3447193099366097,-2.1697653694073096,1.7561362644578482,-0.33037606334097747,0.09170072113404097,0
0.6264332622637155,-0.23873685916471632,-1.1026107039830977,0.014854582211621503,0.9053711050582308,0.3047505894169724,0.9679455131409394,0.9631964921589969,3
3.565126632910486,4.0361885782317675,-4.562702828522299,-1.0104535051684738,-0.9588667664572136,0.523414190521666,-1.527041060820457,2.1043279143658946,0
1.2085304134603705,1.4631542094649566,-0.4923149167249594,1.6271004137750888,-0.595054061984042,-0.3135009186528288,0.0767629503307216,0.7196482763199301,1
-0.27781512144841003,1.1330569143464706,0.14236416233627674,-1.6350430057197365,-1.8647324866301496,-0.832083595095498,1.0886147013193521,-2.1974469685171734,2
1.390127570458407,0.09899319677276197,1.6097855590968373,2.5469823410337926,-1.4796001986679914,0.7101621191180206,0.33917757913548424,0.32528084330808216,1
0.15482912392244474,2.2247433575274647,-2.096816581178883,1.4218499758847867,1.672123984183232,-0.6671331880964875,-0.18588543607289654,2.6995380762644516,0
0.4546654791959841,1.729063936079538,0.5337790633914119,0.940816756264046,-1.0203231895021754,0.974510805066391,-0.5859059606811758,1.3979520329310322,0
-0.041965484376058515,-0.22062030459380155,2.1489728642272095,0.9598636501071623,-1.4235791718868174,0.7396186832771312,-0.04352946650466633,-0.40930317565930113,3
1.538209456450438,1.7027109659222628,-1.3584015059897752,0.18423304353838754,-1.1292101995046586,-0.7217558358976401,-0.08485904498935258,-0.3919149604108273,1
0.8031803815981792,0.20109585395120944,1.004486862134981,0.3682639501104461,-1.803269375016419,0.18008894180804813,0.5388169281811231,-1.1008727604178092,0
0.1235407906994177,0.6657568645901062,2.3011534977261556,0.08702113694216651,-2.84046161949499,0.6282828100882328,0.588500786261195,-1.4501432604373243,0
-0.021858533111215994,-1.7459347875745985,2.345537657933664,3.3978561898973823,1.2591260439959115,2.116078093304826,0.06225985632933222,2.976473159091672,0
-4.366020310266902,-0.5290613811518136,5.927725830620653,2.2580420979722318,0.6739227588282176,3.1587812689337498,0.22525845349509843,3.4711431468596143,3
2.538639964402935,0.5997425841396955,-0.7766223797999272,4.085022304165464,0.2738133335031042,-0.4883610715834884,-1.8033172536887192,1.6569520575660153,1
-0.9658738265776922,-0.3577727331194337,1.9685022573149003,-0.4591002123451683,-1.2430121456933227,0.32386743419327124,-0.8959958531697858,-1.2298571931343647,2
0.6046457296938383,0.8527725082556105,0.7124181113028043,2.34736068141344,0.44564310955254716,2.0904846831408763,-1.974670894587108,3.582076360946279,0
-1.7636803072838592,-1.5796543927770323,1.7139378848205902,-3.2885504163425865,-1.125259511690337,0.5321452159857342,0.7537356371784484,-2.656492190532104,2
1.2274951766689435,1.9488099417505422,-0.44250148299813086,0.044853014608166264,-1.6565412008949836,0.286024959401771,0.40795690975064797,0.14047511178068892,0
2.3355631754252824,-0.7099147412087542,-1.5889492741883446,1.3184277472338262,0.5461139772437351,-0.20039870482448663,-0.8844928186606991,0.4465195196848041,1
-0.32093893137180907,1.1600066673941727,-2.718880822092667,-0.9131129412532494,1.7717753257610882,-1.2304633523106834,-1.7164831767444462,0.8432612516856048,1
-0.6303110095249631,2.5370768475761922,0.5574422633634435,0.0172049758897731,-0.7312269510736334,1.4419476641095588,-0.05936745123140444,2.1973164883473375,2
-1.0855142531176196,-3.092696646121127,4.449209415547632,2.7024206249979885,-0.24863483854653967,1.0640610907979373,0.10525970102333389,-0.4163573670815311,0
-1.0587690903112945,-0.4407584557599017,1.632212858835859,-1.327227591356364,-1.5872515722379392,-0.4569606477323708,-0.48234157521273674,-2.562554435567202,2
-1.5204721640678827,-1.9079011301238142,4.289757369597055,0.2879260228515149,-0.5182384004067895,3.9068257773410573,0.10934057634090896,1.8433669195396452,0
2.617407152127655,-1.1244430581104434,-2.5806751426244943,1.0440128289932495,1.348430017020449,-0.4639762460207667,0.7548991665498829,0.5829784161847089,1
-1.4452239224800991,0.562159741247366,1.9577365854198447,-1.612493418336911,-2.115077554396545,-0.06540900780979575,-0.17898344139169084,-2.1641227094371445,2
-0.16872983499056204,-0.29909234097833315,1.8079293621867134,1.8835577181693959,-0.20051235030707748,0.9230276491326631,-0.19678094887698314,1.0502712171984632,0
2.847138242769427,3.8785834522443996,-3.9181230170232135,0.3703257238350379,0.35168281844263916,1.391427423660089,0.019081627779767917,4.304353379699702,0
1.4378685680525696,2.3282277894307195,-1.6520422493991047,1.4127621501356775,-0.02695346114259667,-0.18546914483154864,-0.7394144316026904,1.8163736642067922,1
0.8142887454208932,-0.3110880637652228,0.6244563297279458,1.824513704538346,0.049891683739190396,0.7394243424183767,-0.2929546157635447,1.1516624129774085,0
1.0569193109561632,3.0699504639585165,0.46558644192464665,-0.23016153867945988,-2.8620214025632333,1.3274922957181037,0.8042562729474444,0.6273521190323336,0
-0.9537263859283576,-1.6447174537440814,3.8657167738710823,0.8268829445309513,-1.6566553102849588,1.051122635298826,-0.14265419808920418,-1.3306672016039087,3
-0.9310856322370246,-0.9529899275816395,3.4470300776179923,1.0312781454964182,-1.754756883683657,0.3235283940181869,0.3770902204267797,-1.5717068919715076,0
1.7126250210050535,-2.413933079370588,2.8443330306521446,3.361859261801174,-1.5952351959475952,0.2323628894960975,-0.7273212215022773,-1.4873360258867823,1
-0.7466759479722506,-0.3346657303193744,3.3737997034412746,0.9581553778168069,-2.1408564441620683,0.5517429846024298,-0.675087578960491,-1.325891555683591,0
0.9927708056840374,0.3689072263116291,-2.0886669350338116,2.734586737586554,2.6034673368477352,-0.6859025843194662,-0.5123173104590947,2.8136786945495924,1
0.31056774513745555,-0.19577430987375044,1.6613671791436526,1.242075444621965,-0.9867942757309974,0.9068510735965913,2.177052647488376,0.25146541311403564,0
0.817127901822627,0.43760100588736445,-0.1390077938556989,0.7747797754656155,-0.44407753650460646,-0.009381789640178884,0.8731831407786059,0.1857383729093032,1
-0.9926519771006658,-2.045684716894857,3.150473114157049,0.10335951728870729,-0.1177513845357736,3.123539189002278,2.3210039960618047,1.3840606811792278,3
0.825000258868813,0.727822917223053,0.7217868976022893,1.5333894492397002,-1.2328262657605502,-0.2220154807990703,2.0700263824782756,-0.26877018169188505,1
0.9428260199152403,0.6892899417146181,0.17539720026449612,2.361774923101724,0.7683744261250508,1.976000687364512,-1.37388911758857,3.687968282010647,0
2.0452415919459663,-1.7292029318548412,0.1587855619827791,2.6766139974814207,0.19797076686256032,-0.21605078218927576,-2.314456078778476,-0.09777178126020875,1
0.9601113755561083,1.6525218553678243,-0.4330550427573274,3.333739014251279,0.2623767693948732,-0.975781470867303,-0.5520436151630664,1.5076543807851377,1
-1.103383825234117,-1.2746521649006026,1.2041833637059514,-3.171298701020187,-2.1653279279249804,-1.4476600520118703,0.14001448687561519,-5.058998040616978,2
0.398792092342272,1.2374622752980529,-1.2869844630011387,0.7396560895177542,0.5222331753723792,-0.8161362149367575,-0.055733939893613596,0.7557011396927759,1
-0.17353896722005024,0.8253432945163404,-0.2560394964557271,-1.172859695644905,-0.32092483925318027,0.8642543120946147,0.6029641034412616,0.6275498276059475,2
0.7181058996869034,0.42707913019996735,-2.0006973264070043,0.550500623930932,1.4413625218792996,-0.5890727187401248,-0.31487533206307944,1.2171513946283103,1
1.3339273798047864,2.579319180264664,-0.5098615686950277,-0.6011977324808871,-2.430332740663916,0.28421992481727076,-0.6342131936855273,-0.33605557186228047,0
0.8160403112940967,1.0481779192319016,0.6465293109455537,0.5500057550801103,-1.3924392276214086,0.9928419845921174,-0.6503156798620932,0.571333693101287,0
-0.171224576890879,2.3520975254164598,-4.349243730339922,-1.5813375424895777,2.3745475601630828,-1.4199437874305407,1.2802152727174614,1.7393471751175846,3
1.3538244509488917,1.148911129798344,-2.5786809902738863,-0.2627175912332408,0.6650874705189299,-0.35082611585747747,1.5984264553578396,0.9983641927557912,1
-0.48074286654273435,-3.0845862842217397,2.6628674493065607,2.1531131340832013,0.22524540234745627,-0.4006378116889292,-0.6564299636141256,-1.4420488927849324,0
-1.068751958754966,-0.6044669921469507,1.1016681403555626,-2.1986234416392123,-1.1580607485105507,0.12732060927328004,0.053212197103539735,-2.0435629038181737,2
0.19185105425966675,0.21255878538283612,-3.0723209644483904,0.026119916117794073,2.63118733403814,-1.4968257246730454,-0.2964154436547553,1.0958099259896175,1
3.2961104808462585,4.02237945442617,-4.2758815107826695,-0.678701583259458,-0.6965278526690013,0.7646458788450206,0.9997148032654405,2.6242682750898108,0
0.5593045514466152,0.016280043407760236,-0.31554999008801204,1.6469528005769645,0.5715324349500753,-0.5294874722938918,0.24213315567402635,0.5939259361937427,1
3.217287140098776,1.199490797191394,-2.857846835243489,1.7634016999218676,0.2914080086848485,-0.34769068459494157,0.5086578042798411,1.4904326384141418,1
-0.9709727451154895,-0.23637188124349195,0.41999200109783746,-3.085066503815284,-1.1749147255722967,0.21806376996741883,0.6765165547809898,-2.020018073789394,2
0.7214939970979033,1.366333901184715,-4.379631698240087,1.0276861360528633,3.235621096337427,-2.344409555400454,-1.5202660808946518,1.935222114033853,1
-1.0622587447600886,0.268093098809571,1.0804860584603537,-1.0578562277366643,-0.2798155977128113,1.5675093572456629,0.2262633165688082,0.9159065980468368,2
2.313647394526513,-1.11941673799979,0.8267550464367209,1.1907637953880372,-0.7750582950458664,2.861264788417999,-0.3413098462098483,1.7506540080448076,3
1.7847560203767265,1.0998603474784483,-1.231903771691194,2.109183635402366,1.1696216250450293,2.005727951559035,-0.7468482589920851,4.30311424836919,0
1.1608923425546043,1.0482300521043924,-0.16016171896855422,0.9161656698181043,-0.705494818798624,0.7106293122303481,-2.406238151009897,1.0563325774956618,0
1.3856276039052497,1.4314139746721444,-0.8210514661336182,1.5508416815208603,0.24680794654349392,1.2387663790493006,-0.8147181812341315,2.813365797350501,0
0.6136350822588176,0.4184096923591443,-0.012774445149558703,1.8798003105844645,0.799166278995319,1.1071218648603425,-0.42026860559090073,2.5887147045418346,0
0.44254543929405366,0.35748955665595683,1.5414787270176733,0.3260865818848745,-2.134547482375404,0.2520200279967709,-1.0055200145152972,-1.2672767768077544,0
0.9439410202639642,1.7386001896638503,-5.3361051492547436,-0.8459493867418381,3.0021674555671445,-1.7758229264927123,-2.4050695499102095,1.8998967221909002,1
-0.5736439234819809,0.021044579176021982,2.9379124345553143,1.2618032667394692,-1.532493359193522,1.2067222504770094,-1.7580551914371976,0.12080260115764789,0
-0.6087022382043106,2.3164303368273886,0.11999224461479849,-0.9323874619702304,-0.8326166874729528,1.1683553249334575,-1.2584148305649208,1.427955891615583,2
1.1367249510695148,2.4416222143729307,-0.16519177734216844,1.4948913415163396,-0.5562363972179682,1.8922819582179322,-0.13679690475734085,3.2954928570406774,0
1.0813305977262349,-0.6073955285823857,-2.3480866388421178,1.514201922938395,2.2019826354700056,-1.568025659604948,0.7454472820569326,0.6864490972454969,1
1.8939972108636662,1.5125006648912334,-1.0906349859550317,1.4463095826692012,0.10106030459088411,1.6434552763683379,1.5493409267710596,3.1063372292149287,0
0.09497709104098595,-0.022109173851209807,2.2198919842563765,2.6589922913216135,-0.04507379788110155,2.2540856344468647,0.7243545112656794,2.817541325518589,3
-0.27634940436267974,2.8638534751513167,-0.24608555106104957,-0.9959633012929814,-1.4831183804617016,0.2510116623989396,0.5058619098405933,0.38615024166444245,2
1.0894160830742183,0.10460147029262423,-0.4114048679554878,1.8605486550576789,0.8301850315147475,0.8808679320574624,-1.2905227272912905,2.247271563058157,0
0.20447479684370773,1.7213875269915908,-2.2864874229852696,-1.1980582681590852,0.16079671089237668,-1.4234251608813575,-1.3680741085319894,-0.42862687507683384,1
-0.4596838537092155,-1.0731821580004421,2.600509414633394,1.9700174014521505,-0.3837592271670026,0.8458819124888648,0.4437392912698055,0.3448807427184724,0
0.013493121713200384,0.36716120948487374,1.4682556090211916,-0.32657110409169576,-2.2300322205912697,-0.24403685227846605,0.7665513543377717,-2.028276539885701,0
-0.5745219853069822,1.1434711729099563,-0.0035126876561991185,-0.8975424411606149,0.42164451105006473,2.300787694912631,0.1378957758749067,2.816126997035556,2
0.23298609732137554,1.3207565745423273,-1.3832707831180013,-0.2508007819263599,0.2974812695326824,-0.46822637624806246,0.3617619921038501,0.5992390555843142,1
1.8718234478110043,2.8909442864173176,-1.890999026180247,-0.44114513559061985,-1.341330682475348,0.5310099879488374,0.9088124113499689,1.116476222433808,0
1.3238262185148104,1.5610389631314405,-0.19148189204845026,0.7697494716722303,-0.9559490248072776,1.286556366952114,-0.024832667703754394,1.6414775551982164,0
0.3748418362847884,-0.04662315087621005,1.8610141850503832,1.477190659596714,-0.9714987473537886,1.481536115181055,1.1364705083670374,0.9526535654661235,0
0.6883251492465212,0.06715297542187193,0.12971958966255728,1.1405456359596655,-0.23350736420773488,-0.09442886595498101,-0.9797619477439743,0.16715183783953205,0
-2.328727073277604,0.8526436691118209,2.56222806526798,-1.8017509613201166,-1.4695381706806745,1.570451327271679,-1.7644481722305585,-0.0816295727320869,2
0.2524162088921015,1.9886563866243585,-2.2640356838948845,-1.022922158977722,0.21757768729751825,-1.0350500570229695,-0.576601776742971,0.1947317799144681,1
0.32927443889667274,0.27471600397309115,1.9705162923527066,0.6351603293661672,-2.0755129770790135,0.7248235987493125,-0.29263062033020526,-0.7542133839158711,0
-1.1744677093630336,2.352273427334778,-2.9548910780722863,-1.996377526852552,1.1231210065558896,-2.3643395938712555,1.619813234242322,-0.40213613883995625,1
-0.7666931279534935,-2.262140827204311,3.494681267382392,1.9394037230812122,-0.6942591521973694,0.3601241555531117,-0.6302828007794473,-1.1343787305253474,0
0.23882447915972838,-1.025788587817393,1.8113695807063142,1.3519675918472756,-0.8335217112458755,0.30032086991403406,-0.4732761521782438,-0.6476911665048881,0
1.724057751433066,1.4429888740773311,-3.0993369868486544,0.1382489199508461,0.6491199468377791,-1.1093276814649644,0.3788336326894784,0.6417697243847363,1
0.34623673282569434,1.0447068758973816,1.3585465783244874,0.9819874605420656,-1.4413662952148316,1.0478653405502882,0.215220732950218,0.6767316353542678,0
1.7430402131666614,0.17596579662769818,2.1512055242685846,3.2669238916560834,-2.1218209187308763,0.5915328070494669,0.6122400149069139,-0.036403665906223875,2
0.9982192714487547,0.7050664572117225,0.07545496533746195,0.5370162087766952,-0.8699745092775801,0.6903744476996807,-0.6050667881147398,0.5494296582562033,0
-0.7578495540178042,-2.0732133326454725,3.4637376788071457,1.7402470572945945,-1.0620453130252707,-0.03010090911429042,1.5812719516191547,-1.748450331817745,0
3.5386291005761334,4.681310109034277,-3.8698074526701003,-0.6646408555493516,-1.4417047692833282,1.5166972043694553,0.13791652091806014,3.0858333215629075,0
1.1061264245467777,1.3774130162456237,-0.6139698810587397,0.4537390928321763,-0.8030377063160911,0.2075308663556904,0.03249986288786191,0.5748899355963661,0
-1.3885064228032218,-0.6344431835840824,1.113739610958653,-1.4045294129588153,0.8704309609356519,2.9030283899794562,-0.5276851944169594,2.4165266082835135,2
-0.8577430029919306,0.7994000007677824,1.1175317295275333,-0.5189213768581544,-0.7557275404690736,0.9482995987143251,0.9714218648162062,0.46380284193980437,2
2.0677111581627847,-0.25932133428344983,0.4017132199608746,2.313825862489235,-0.7369192015870546,0.6842527260054397,0.3738371450016698,0.7015218811655208,1
0.3420381311186572,0.8280024544313986,-1.9824791756783633,0.8048581039120927,1.448582572091501,-1.2863560718356675,0.5428733481036709,0.8989778242827944,1
0.093131749750346,-0.3138018651495541,-3.3466181069951024,1.5228644063516312,3.97713242230489,-2.16197154626726,-2.3882924507511794,1.8045647532427282,1
0.9620108826668098,0.11465636738221263,-0.875168803334705,2.2154952664598895,1.1061237907979495,-0.5283219944190537,-0.455460383846209,1.3306199738767759,1
-1.3213260877789805,2.0909620475456996,1.445439270005392,-0.8036958015139731,-1.4694770412196865,1.0919813722221943,-1.0363648841320956,0.6524376804762789,2
-1.5233944999008093,0.5941610380508879,2.3391552640442135,-1.4316291721719492,-2.690923314484645,-0.7752546694528241,0.9605779037089842,-3.2300290719091627,2
-2.806367718310828,0.6767555491483835,3.155280915939501,-1.0269862047814355,-0.3150954868372082,3.358640622135891,0.09373330317385285,2.624313021211703,2
-1.8917542991349308,0.35256898553823623,4.005860287855737,2.261698438882709,-1.1960149705820031,0.6852808574706898,0.6245823093172438,0.3667405902472279,3
0.11314702157098033,0.1657964048674342,0.3451641284384882,-0.041639621740364285,-0.6754776097428226,-0.09481552716570718,0.9815328752991211,-0.5727112757705289,2
2.3978926386857062,1.2077633528363434,-3.0713882254128007,0.09420466592880716,0.6791192874072126,0.4148806402774273,0.14368044501773122,1.92684303923422,1
-0.35535476704570546,1.216790445479288,0.4614304397699674,-0.8121364777805693,-1.2800983403831723,0.11566169094652445,-1.375225117962206,-0.5330632642315849,2
0.2687381320391561,2.161355030185284,-0.12273067220547199,-0.03583696902848088,-1.6259481552647366,-0.6946020372848466,0.41547515150624903,-0.6793466759865189,2
1.8880432927488753,0.7073040985734943,-1.5435739244252797,2.6876028418195834,1.0266803898452896,-0.2319535425413507,0.20991553398349078,2.1165929952126157,1
-1.0152867378481525,3.1912248796341043,0.20423844669329203,-0.518641102411572,0.1181135071043048,3.115462914278371,-0.6644371821053475,4.645580185601612,2
3.6617848195742106,5.004680512282947,-4.032624558307459,0.3041887858767527,-0.3833502168446764,2.8322857074608527,0.3985640658920073,5.702282628982012,3
-1.8414834776430355,-0.9512786828473756,3.511322812851197,0.8850725348498415,-1.1936814482915707,-0.17278916559558766,0.3854697750335259,-1.644672510561632,3
0.7926936350364487,0.7040694161440183,-0.04718093840880437,1.3770654246243919,-0.09361406172346765,0.45783026885902667,0.9899490399685423,1.2637151369745452,0
-0.039789352387968435,1.374268585506026,-3.2933281074146796,0.5598131063135131,2.7946558451303187,-1.582733471127802,-1.0837353699401664,2.0352011383686963,1
-0.06604580196112919,-1.20471297034169,1.8146332503812959,-0.8441205997568558,-1.5238589409466654,0.9077536457255191,1.3023407448537614,-1.530174813852675,3
1.1761539954933218,1.964617446550621,0.3315047458019099,-0.5178848182992287,-2.6481505771177836,0.7797653356892061,-0.3615773114433937,-0.4489714151884602,0
-0.1498608179312556,0.23363082688222003,0.8072543079308055,2.391483149658131,0.42456306294546725,-0.3410246957359315,-1.5580727358535134,0.9520309670194932,1
0.9983494754774864,-0.29481861885758975,0.21115021965976588,2.78397710570076,1.463670682136199,1.9783573896667157,-0.3850368024262208,3.8182208614717976,0
-0.5940636711123061,-0.2819326278626896,2.8138959333185487,1.0435038758510176,-1.759174714564952,0.2364016642292075,-1.2336134240359058,-1.2061648321851788,0
1.5128616738619858,1.4560378843152844,-0.2442278403600747,0.25597141941353363,-1.5341069512159418,0.8667623514399294,1.0075806827627332,0.5495007268737849,0
2.150044227468634,2.2965352590220514,-4.5818988981298405,-0.29328739327846776,0.9891246375946954,-1.6087201666786213,1.9127268503065222,0.916528103814758,1
2.909857474788436,1.954838756470168,-2.5476106430559007,0.8804259536011648,0.0874205112975337,1.4858564391681495,0.6321209472278112,3.1272744664321954,0
0.042155368095584844,3.494217048335909,-0.441276661050379,0.9034528216472814,0.048066994084338566,2.0882543617798066,-0.5334317466174908,4.381376536548909,2
-0.0348288239951321,1.5280323466469523,-7.020086714882267,-1.9318515227833335,5.15581897974171,-2.377227411668552,-0.5747964176044837,2.6807700075301586,1
0.06621933085916476,0.9522590339453988,1.981863475608106,0.16175690425446376,-2.6472716431786307,0.32940779868020553,1.4325861182252961,-1.3529960978942879,0
1.4428899522278673,1.4294779292570434,-0.28594506642114415,2.2295803605418807,0.5610532098195663,2.564648649438,2.2123906375910085,4.493811349373162,0
0.27838723462439985,0.17462041299068798,1.8334755087580663,0.5576751471291908,-1.859879632401889,0.7187924800778259,-0.32768654132878167,-0.6631528633193494,0
-1.910916269489765,3.6379266416747846,1.675283849906606,0.452310878058633,0.20940562794226547,4.305711027831154,-1.0979885674197973,6.309875577798453,2
-0.3286980871873456,1.3868190275906653,-1.949938599024908,0.3855743269107287,1.389220710318744,-1.6418973542460173,0.44323809808521286,0.692835415895389,1
1.9601207609062694,-0.05876036526065265,-2.5721769439394286,0.6110058480782918,1.5297361584053437,0.3548436037631214,1.5990545154786884,1.9522692966268236,1
1.8587187560171459,-0.14844003404165085,-1.8426960090907207,1.1206871415294142,0.9683937489677936,-0.06415061227299068,0.2046684378900608,1.1863186129779917,1
-0.688226586017295,1.0723350400269056,-2.205606827030069,-1.0699250574395789,1.4253813772038981,-1.4131764124801511,-0.41760596777187864,0.246415554160253,1
1.7182907702149197,1.1716605871977335,-2.232187431217917,2.3946564065072358,1.4854784969286383,-0.4308844195551085,0.6420255015353197,2.520081907633826,1
-1.9780445871486156,-0.06558707628611449,3.541856900054816,1.4174518231777093,-0.17053410929279522,2.2860907477837795,0.24540406120581154,2.160023133301538,3
1.640092044297321,1.7621206572967503,-3.4431949839621123,-0.6698730839334069,0.757888996298439,-0.4283969761450066,-1.681728535328834,1.284488944918676,1
-0.0750847587095993,0.7841137156187654,1.3937153958130457,1.5726035026936296,-0.39979420478218053,1.3691829024529638,-0.7963266453295174,1.8614147865832458,0
-0.16700674343918254,1.370075564802376,-2.168413267262349,0.27196707562701306,1.5234800213838278,-1.3909959560224976,0.5017911677776411,1.000594810841303,1
3.634367764023121,3.674032911569892,-4.159513441663405,-1.5234749188256114,-1.810142317493587,0.09052277243930462,-0.5871541590312039,0.594426857615346,0
2.4424566634759675,1.4591348081099553,-3.3335017520930226,1.5908304261937012,1.4638321226178324,-0.20077894043141686,1.6181924894390771,2.68818997399314,1
0.898035671726942,1.253026372025683,-2.932183761111122,0.1798307585578488,1.832278338342115,-0.19975415367123517,-0.5865289930926361,2.317069593362496,1
0.52866479812118,0.7535454228127761,-0.35581802047219857,1.7047335557868117,0.46449530431048985,-0.1216441707839272,0.7160457490404942,1.3422660419986012,1
-3.4446498608804705,-3.489262535522695,7.8928843567878415,4.0074439914376665,-0.41492095074915847,1.9339584510465633,0.6098290776634929,0.20545650505117763,0
0.48200362727517254,2.9175416700426804,-0.04760282272283068,2.22151027381849,-0.0620994033355341,1.3373987410466741,2.8917029899567672,3.702470657416089,2
3.7958187626478708,3.1894123403450956,-4.309892320196962,0.8033105927821673,0.5568668459629104,1.6003134618889536,-0.8291091806340453,4.449761299452796,0
0.7709779232898928,1.3104718875866865,-2.1567691569144722,0.5537441481799683,0.8409417190632515,-1.171239277079752,-0.36991046945714723,0.7287540900059639,1
-0.3313099037919577,-0.5688632152878527,3.0840159694787848,0.8723548088973785,-2.241379026716226,0.3645093470133095,1.4072300113836351,-1.7225342622532889,0
-0.16378512169561865,2.1678497046164296,-0.873289207658157,-0.7308817126488322,0.7433675172685655,2.7259715912598104,2.208419091154705,4.1991223249410625,2
0.7939364510327143,2.858998595674651,-6.4584477643216305,-0.8541012182911477,3.840146271581525,-1.8077890091240847,-0.9364460516490096,3.2825455479480787,1
0.9699576822680797,3.4340717898881548,0.35867325279952617,0.01589906972541888,-2.584483931282416,1.5746057498766755,-0.8443284487895042,1.3880004505584804,0
3.743921851170292,6.079968124135284,-5.036675527572522,-2.6587868751623573,-2.952361180065481,-0.016626213350111274,1.1841810163672148,0.6551721459661218,0
1.2554871999944344,1.009978369752755,-0.47601829739717394,1.6890145400673098,0.39491629167617914,1.473599460003724,0.5117789786504942,2.9239162652334265,0
-0.8876426201617714,-1.4543579756390308,3.6007538855631176,1.5839345202478086,-1.217728203441538,0.6637427564965985,-1.0731785094754698,-0.9345825232988574,0
0.9907399370516498,1.89481742009961,0.22034123896993202,-0.1445640177292825,-2.171618542203518,0.5164404705464234,0.7779723634666434,-0.21135059013362303,0
0.3378538785518783,0.3315090756623441,1.9362733666225354,0.7039330878972818,-1.9638976412689173,0.8832518711048643,-0.3768376794965604,-0.45736407056358297,0
4.505668632162393,3.162357708235703,-5.203513727421966,0.4149705848208051,0.5677876998897092,1.4426836840051351,-0.3370574860446252,4.232346483967763,0
0.7512867712921913,1.5832554260380145,-1.0628385241148883,0.9818989168318982,0.12121630720782306,-0.21279960384993568,0.3285698496773193,1.2679404634707692,1
-1.9955932389560984,-2.9323854753455727,5.616903933442037,3.3030299677182877,-0.24312122407800174,1.379868433748227,-1.1262382070860628,0.09210054642727947,0
1.514647879986482,-0.7428624097907165,1.0580538390908287,1.8956808664854488,-1.0853964273734453,0.31785902059160087,1.1262461801557098,-0.40531911288163053,1
-2.3453609221168326,-1.0251892683271246,3.087628721780429,-1.8956926791280033,-1.2160773317537614,1.321142631718828,1.9566099625857163,-1.2860899568046937,2
-3.568565776785968,0.8176142121777402,3.8341410467535524,2.237167548873216,-0.7558556828398679,-2.1520846560625495,0.3548738029360466,-1.6438387688122025,3
0.5323938936559756,0.6047614954488344,0.9509640906531656,1.872733007541941,-0.8095005396483804,0.032441647490932035,1.1603481809669742,0.3353311498740961,1
-2.6499747150084363,-1.02091327215217,3.2778289184547234,-0.19009912024783338,-1.5779363878766834,-2.1666050033513597,1.2958270717726919,-4.212507501964893,3
1.1968317502778276,-0.11129448310124046,1.0032744970923124,0.41935449072696024,-1.7444612782841085,0.7906194096224259,-1.4360915125350566,-0.6502685383110827,0
-1.7391215697120792,1.9763758758510201,1.9338811061019159,-0.23251896760114454,-0.4216731001299257,2.8637976100611016,1.2399368072885906,3.2295509299255154,2
2.6613002196521123,0.13743457396898517,-1.898385159479233,0.8117612804142561,-0.04301388471957901,0.16830894876243918,-0.10213305824070133,0.6586825500846911,0
0.7823305317982839,0.28026037895589273,0.9310689078831118,0.27872112579597585,-1.7856677110054635,0.2004642009514489,-1.4764636416218018,-1.0478669999854668,0
3.4160932363897127,2.9843503215214047,-5.093830944628462,1.335502456990125,2.142690188229057,1.229024974937317,-0.9844554964640968,5.504527712695977,0
-0.7233364987926014,-0.8461555275403431,1.488607786622289,-0.12211667797912273,-0.09359461948434755,1.1754615471604324,-0.2169149904265378,0.3530031153790784,2
1.4716282173578525,1.7342492467978734,-0.19368855446051766,0.2558548405648978,-1.611831821201665,1.0716061013274032,-0.9540544541045877,0.8360204455259499,0
-1.1680044440583974,0.19510679448628931,1.6256502090126672,-1.6079773305661988,-2.0000423216740506,-0.4938024196394172,0.607565627121377,-2.6548688993527656,2
3.165436095683132,2.8698550243099725,-2.5572235754700836,-0.8799261328162918,-2.117825216141254,0.6416682771813654,0.009140675822632775,0.4886321384610549,0
-0.32416681597501673,0.018184072516738703,1.1117055779240315,-0.36933644599919313,-1.5208750753240805,-0.7460506455204049,-1.6199421316642872,-2.1199218093158967,2
4.4852182056047045,4.828960836848006,-5.426624173413977,0.5564501396109288,0.4215683299535594,2.3317523774940727,0.6423725916415679,5.9847439875381285,0
1.9883039879065723,2.6774591400139953,-1.2252657447853794,-0.04667363094129784,-1.662022355262942,1.027277964133266,-0.18340998729204272,1.2840428812353408,0
0.027087259239049866,3.8878813949985904,0.11760022068629465,0.9432820583108313,-1.4834269254439791,0.45325763417423987,0.6401696361230503,1.8410560693712212,0
2.60871101124115,1.670679696550716,-1.487910720575164,-0.1801700533447571,-1.5134021365054777,1.0831213894987475,-1.995080466414733,0.8411536135874229,0
-0.5254501386047585,3.775486103142903,-0.16369052854361654,-0.14624804653176315,-0.5847045611842573,1.8706162065900762,1.8658445522852707,3.437076955248829,2
0.589321747599524,2.274955090594639,-1.6279399701096307,0.7840764172844253,0.3589519168838454,-0.4241980435825844,1.012224423453833,1.6406045752447522,1
1.1599923829584322,0.40467708641722533,-1.3163310769300813,1.9148721152780244,0.9259604606317755,-0.8646047935722321,-0.028551984535682258,0.9731761268198006,1
3.230881892770823,3.8696100966603075,-3.0631005481059423,0.2762292965560956,-0.9411971690402962,1.7455182035148429,-0.9125077743940353,3.493815955211043,0
-1.2292380167980017,-1.4190321208411634,3.204687495464932,1.328819890670472,-0.4604388360589504,0.9401754315516024,0.18010546746541492,-0.11371365729838781,3
-0.12643241744128575,0.7445021834771833,1.815393279099901,1.607963988634932,-0.6466146060131576,1.709899725008759,0.24672138869860635,1.9355595731618709,0
1.0660583266411943,-0.7139030626685284,4.781406668975231,4.556437581041338,-3.1967098539358507,0.6055314865104172,1.3009415130316988,-1.1554982377021645,1
-1.0183065358824832,-1.9689376967198773,0.9268587182487746,-3.246543096979976,-1.078086432209977,-0.23813340643534142,-0.28491234787746483,-3.4793283705370057,2
-2.2453942631398247,1.3410365775119184,1.7383415145829677,-1.7421388942039284,-0.005122354566801657,3.4588241513012217,-0.09785077021512495,3.213967955148957,2
-1.2939107529716005,1.5576159770401998,1.2195790676184375,-1.1751512165384312,-1.1203874214245662,1.2231153733008944,0.8458396242433921,0.6256831227798393,2
-0.003632728526146045,1.6409405294973176,-2.952118668845513,-0.7830638765410595,1.5358916106447036,-1.230016553033125,0.24937028272765205,1.0037632377593615,1
0.07821401630480584,-0.05854730543408526,2.0769101631779785,0.23395832681704987,-2.1987977959813434,0.28514676534392935,0.4565023351677955,-1.6093596455439743,0
1.7350639270877402,0.15247179410203726,-0.30978439377964334,0.9888629111763677,-0.4677211011724981,1.0086750659347714,-1.0795504116394292,1.039000730471326,0
1.5255595575249128,0.9968572054396726,-0.611475670752785,-0.32858813191058245,-1.764316768091858,-0.356571359786252,-0.6217693528332011,-1.2181101030700765,0
-0.17261544278171004,0.891117612345596,-5.2311844555215306,0.15590701636943205,4.7616349389274255,-2.591681309707554,-0.025347274750424368,2.3983654375211514,1
0.6745336218441125,0.05498607159500124,0.2516598307134225,1.5215460748731906,0.2604595608976038,0.7797116397283395,-0.36278632753417217,1.492286951909698,0
1.5000063857499488,-0.5563715708631037,3.4252379580818304,4.3574663483755955,-2.535518738033834,0.0055620047571171005,0.2853993767216869,-1.051700439191577,1
-0.5693909517884851,0.6703100724255294,-1.3961831334897066,0.04611103448483034,1.0245857039577109,-1.9778415961696427,-0.07497925907755129,-0.49715256939744457,1
-0.7353698274233974,-0.8749706505320934,2.953403776757252,1.9092219189458612,-0.5949940088593741,0.9819444089288978,-0.26017534979559415,0.3668902544279858,0
-0.07836925350354218,2.0852400211406605,-0.48620453836943256,-0.9420533821523843,-0.7837011216496168,0.645305404729436,0.7462485394318988,0.8943025403009207,2
1.2795223458456415,0.7123855302485701,-0.742756006113875,2.338847119440359,1.2858953733375178,1.569454695286111,-0.9652763395995575,3.805117152437825,0
-1.3963806273484014,-0.09540383058600865,2.2639729365874124,-1.0422975301556807,-1.666731194630081,0.2730383424574767,-0.18871159973983392,-1.6969131963182285,2
-0.5408377404665287,0.2117984552173373,3.2810885984580125,0.543386644331509,-2.646841923635824,0.9015771416945413,-0.4506790164977329,-1.2260377339680992,0
-0.2765793684449831,3.455605524601264,0.3940222625477074,0.2432364540464501,-1.8515171539035387,0.08409849619143328,-1.6150318721278794,0.6766043780343739,2
0.20774707339895826,-0.90357577096021,-1.2114447729039723,-1.471698225931088,0.959424063246299,0.4356826049647877,1.183920483851373,0.21196751423909327,3
-0.4067035038620087,-0.25786183081393965,2.4215689085392245,1.4230467821043433,-1.0385643295603955,0.779694445391214,0.8773505067396974,0.056198525935273726,0
0.38397249576327175,-0.48086722615521615,1.7984228131110038,1.7442954059419697,-0.5607956358113176,1.3594065665315402,-1.8985230300645715,1.014119807965149,0
-1.4182429678099355,-1.330506227476675,4.418179575331587,0.16359651349039972,-1.9828093153057513,2.013936881045708,1.6463683960749977,-0.7988021882460172,3
-1.0867283961325849,-1.134101694114967,3.3284662606193907,2.980553240039337,0.3991257165459311,1.5879437286128741,-0.34876446469964173,1.9240093422294873,0
1.620353110103796,0.8291602088022635,-3.5422133316838105,-0.3005610574032297,1.6341986356138931,-0.4107943644863044,0.09293023411398735,1.5949731652439525,1
-0.14387273723107497,2.1388048869447682,-2.700199106454794,0.41028989572924907,1.4250771098298451,-2.2314403483180887,-1.1064745561139018,0.6851336147846916,1
0.4211260039276224,1.194329063679327,0.9359878353632654,0.09755957233555046,-1.9899493633185195,0.277835357889644,-1.2085905242423423,-0.6711154158592061,0
1.0571736041364042,-0.01273098814461282,0.3751240637086078,3.2516823876867504,0.25450334987769074,-0.5487762859963488,-3.5388577250697595,0.8282309369706712,1
1.1833387602716656,1.1710668010258467,-1.813315854283407,1.6852617869195783,0.7471996662424949,-1.2727768452322816,-1.6237385821172297,0.858287183281255,1
1.8137978232192777,1.545586839505062,-1.091655990938893,0.3837468155088498,-0.9800317268655568,0.5162878236604814,-2.1308379973558758,0.8349864089784128,0
-1.6113750142321188,-1.0905149402145033,1.192830132665267,-2.8551527129360976,-0.23658955244036395,1.5361030571987742,-0.3808130321457192,-0.5307116723234802,2
-0.32254747217673263,0.5204348444345126,1.99496071452698,0.6886759125391559,-1.5549446947671433,0.6640751170946533,-0.8981693831521145,-0.23657700641716664,0
-1.1456743463565187,-1.087506191589957,3.163879017078403,1.3022746238279974,-0.4610210079443759,1.4800734776645252,0.1596082474008315,0.5748866925009776,3
-0.8429552276527003,4.186545267737683,0.3955022794841053,-0.37147188756685134,-1.5532578774352481,1.2140063333191993,0.6622033339461874,2.1676546825106278,2
2.5417673186100775,2.0749472455747844,-2.889084757819389,0.5453109198887172,0.10267016017641362,0.35341168630411113,0.9118317785133704,2.0649439693757183,0
1.2811401423736413,2.73648150948414,-0.6856358007621919,0.35993881571167585,-1.2680678402386554,1.1882416089519392,-1.7091635551904558,1.8817994178754027,0
-1.2916002857639723,-0.12961940606667788,4.248320348687569,1.4853502735580126,-1.923426462314176,1.6022087862617402,0.6502223934069432,0.05845468849410985,0
0.5792378786582182,0.6772571547983887,-0.8743150818036998,0.9908713266276472,0.7353260983318527,0.1577318221127325,1.4883946776914283,1.5589520713469651,1
-1.3655771716532006,-2.4301330399526404,4.371770067508409,2.563043651152377,-0.467880100307178,0.7061986335317129,1.1315784515395242,-0.5805369934497556,0
-1.21421934825005,0.43247704646568713,-0.042534978559350234,0.019232975508792327,0.42214510968835695,-1.5297689675346424,0.10175105077163857,-0.8237368467933911,1
0.4953708103584596,1.6384292675393954,-6.253870862571516,-0.5599025798853768,4.562873868752732,-2.2460966916735483,2.0361561863588413,2.826346649385971,1
-1.2039045895430136,2.223897897648988,1.8295724156179343,0.6632410711632167,-1.0063695154645018,1.5394648486739855,-1.705635950162387,2.011265762514153,2
2.206625731786086,0.30003605475301254,-2.390419334298362,1.3899516121532587,1.1918977644048725,-0.015132174710005164,1.9499750409961005,1.8152886451082633,1
-0.09564886956061269,2.1955869783273436,-0.992175415606857,0.9157697563714933,0.2269493592361035,-0.94468500738228,0.33340901239271226,0.9987758699581639,1
1.502763167207986,2.1284280370017004,-0.7098970619355338,0.6385613824179823,-0.9056708060904429,1.3322144083266216,-0.9371170452387335,2.0517491185916414,0
-0.6092911985027784,-1.0518659697935253,2.8038017340829025,3.0702174799917095,0.7269651763411574,2.0497537362912626,-1.7249168959418097,2.739060459391877,0
1.957020817696249,2.7952653425865277,-1.1083030001543623,-0.6535913232444334,-2.290778656164083,0.8313043768029833,-1.2947051806855492,0.4416137134431787,0
0.9735044063655981,2.9698994183386014,-0.09025148325352428,-1.4807873573536954,-3.426772419322314,-0.0032652233292255195,-0.3054700292478684,-1.5211088662492154,0
-0.02687974282845096,3.0168176279884085,-0.12792523974332173,0.4510187948668757,-0.8076304836274857,0.8430202279990899,-0.44719939306998346,2.0753016491125926,2
-2.563517459981098,-0.6195809662384683,2.71048607918942,-3.1239975022725277,-1.672420428617599,0.997073229316868,1.762127663079091,-2.1250920413738754,2
-1.1228971398653669,0.951447575439469,3.117092424741865,0.7067004447355455,-2.2919791961116234,0.577303505707058,0.9681026637765426,-0.7410908929247628,0
2.7729601850545045,2.8986183907313037,-3.1412208431966158,0.9306047550109526,0.5571659096095004,1.7524147732828337,0.6596997699307984,4.367626730709172,0
1.175216591406909,0.4283544017440065,1.3548165531970608,2.365757484553977,-1.35842704405177,0.4611496053491623,1.3186179262194737,0.3384936837167432,1
0.6206891546663768,1.0133381775638342,0.19532325282297533,1.3549749665132993,-0.14139996756933348,1.0052497268512743,1.0719653675991272,1.8861481492867789,0
1.6373803185408269,0.9013485334758109,-0.7898544769364829,0.6773872511810979,-0.5226196600552965,0.7379514242934727,0.5622502831697198,1.1090052558458967,0
0.9263767713661936,5.034536766086987,-0.7106770848083902,2.343496776159532,-1.3150942939314738,0.19012311511482793,0.2331795237948585,2.976174770777417,2
0.346050906565475,2.6444798821657174,-0.5253052903267778,0.5851875611875349,-0.387297918747054,0.9802696860329498,-0.7888492497413011,2.4022463792242372,2
0.8503335133942933,2.1948557418083605,-0.23418315272356113,0.03486430223630044,-1.6609332104007528,0.2554125833793863,0.8781824149703041,0.2305442436033768,0
2.4319054327444025,0.6676651789918636,1.8046604466522835,3.7089190490957797,-2.828193174704786,-0.3435026290194071,-0.34477744535889615,-0.990409542095355,2
1.6409103877686415,1.3362066586151005,-5.4997394553367664,-0.7122143896509746,2.959851372867029,-1.3407995826014032,0.4614248329585187,2.098353712551293,1
-0.022473063278540595,1.7548421608461848,-4.517938770749279,-0.5212516046065144,2.9464956998394665,-2.459616186883745,-1.0337348667080686,1.2768183809388856,1
-0.2535602301627168,1.035211188406552,-1.2584962050884245,-0.5937456405698639,0.407907839110963,-0.9057395373801401,0.2128198468830529,-0.020913713027185466,1
0.8650842601841432,1.0834668406222474,-0.938383646643637,0.11211282626716301,-0.4860521534399526,-0.38596074071830466,0.10103348798279618,0.007941861712263394,2
0.3785609596280809,-0.4177080619615873,1.6085050297661452,0.7719963632131417,-1.49585702828855,0.1486875836600785,-0.10423797949803458,-1.1525113525362014,0
